name,brand,price,store,imgLink,productLink,storeImgLink
acer swift 3 sf313-53-56uu intel evo core i5 11th gen i 8gb ram i 512gb nvme ssd i 13.5'' qhd display i backlit keyboard i fingerprint reader,acer,89999,daraz,https://static-01.daraz.com.np/p/6e580c6be527b20c29d3f7dfa3a407d7.jpg,//www.daraz.com.np/products/acer-swift-3-sf313-53-56uu-intel-evo-core-i5-11th-gen-i-8gb-ram-i-512gb-nvme-ssd-i-135-qhd-display-i-backlit-keyboard-i-fingerprint-reader-i120126599-s1032817610.html?search=1,https://icms-image.slatic.net/images/ims-web/458d4688-ae26-4e6d-8f39-c26194de228a.png
acer nitro 5 ryzen 5 5600h gtx 1650 16gb ram 512gb ssd 144hz,acer,106990,daraz,https://static-01.daraz.com.np/p/58e75fae83f955d643144f3b11cb2887.jpg,//www.daraz.com.np/products/acer-nitro-5-ryzen-5-5600h-gtx-1650-16gb-ram-512gb-ssd-144hz-i112184383-s1030346685.html?search=1,https://icms-image.slatic.net/images/ims-web/458d4688-ae26-4e6d-8f39-c26194de228a.png
"acer nitro 5 ryzen 7 gaming laptop 5800h rtx 3060 16gb ram 512gb ssd 15.6"" fhd 144hz",acer,153488,daraz,https://static-01.daraz.com.np/p/4bd63083666e4a95d5e07cf679ad7d8c.jpg,//www.daraz.com.np/products/acer-nitro-5-ryzen-7-gaming-laptop-5800h-rtx-3060-16gb-ram-512gb-ssd-156-fhd-144hz-i114144960-s1031026102.html?search=1,https://icms-image.slatic.net/images/ims-web/458d4688-ae26-4e6d-8f39-c26194de228a.png
acer aspire 5 / ryzen 5-5500u / 15.6″ full hd / 8gb ram / 512gb ssd,acer,72000,daraz,https://static-01.daraz.com.np/p/7c1c180cb5848bcf6015f47c523a9b45.jpg,//www.daraz.com.np/products/acer-aspire-5-ryzen-5-5500u-156-full-hd-8gb-ram-512gb-ssd-i121460881-s1033061148.html?search=1,https://icms-image.slatic.net/images/ims-web/458d4688-ae26-4e6d-8f39-c26194de228a.png
acer aspire 5 11 gen i5 processor / 8 gb ram / 256 gb ssd nvme / 14 inch fhd display - ote,acer,69500,daraz,https://static-01.daraz.com.np/p/622034dd65f5269b2d9c6d1026f3927b.jpg,//www.daraz.com.np/products/acer-aspire-5-11-gen-i5-processor-8-gb-ram-256-gb-ssd-nvme-14-inch-fhd-display-ote-i117964779-s1032350946.html?search=1,https://icms-image.slatic.net/images/ims-web/458d4688-ae26-4e6d-8f39-c26194de228a.png
acer aspire 5 2022 intel core i5 12 gen 8 gb ram/256 gb 14 inch display - ote,acer,72989,daraz,https://static-01.daraz.com.np/p/cc67a8ea226c019e7bfb8486b88fb932.jpg,//www.daraz.com.np/products/acer-aspire-5-2022-intel-core-i5-12-gen-8-gb-ram256-gb-14-inch-display-ote-i122882278-s1033401261.html?search=1,https://icms-image.slatic.net/images/ims-web/458d4688-ae26-4e6d-8f39-c26194de228a.png
hp omen 16 i7 11800h rtx 3060 16gb ram 512gb ssd 165hz qhd,hp,171000,daraz,https://static-01.daraz.com.np/p/5533823e1bff6aa63d14bac642586179.jpg,//www.daraz.com.np/products/hp-omen-16-i7-11800h-rtx-3060-16gb-ram-512gb-ssd-165hz-qhd-i112182443-s1030338679.html?search=1,https://icms-image.slatic.net/images/ims-web/458d4688-ae26-4e6d-8f39-c26194de228a.png
"acer nitro 5 ryzen 7-4800h/16gb ram/256gb ssd+1tb hdd/4gb nvidia gtx 1650 graphics/15.6"" fhd display",acer,126000,daraz,https://static-01.daraz.com.np/p/475e5d71a76a201c2b3331b7fb799faf.jpg,//www.daraz.com.np/products/acer-nitro-5-ryzen-7-4800h16gb-ram256gb-ssd1tb-hdd4gb-nvidia-gtx-1650-graphics156-fhd-display-i108739175-s1029358650.html?search=1,https://icms-image.slatic.net/images/ims-web/458d4688-ae26-4e6d-8f39-c26194de228a.png
acer aspire 5 / ryzen 5-5500u / 15.6″ full hd / 8gb ram / 512gb ssd,acer,74000,daraz,https://static-01.daraz.com.np/p/793d2a983b2b32d1dd4a953501f09b0d.jpg,//www.daraz.com.np/products/acer-aspire-5-ryzen-5-5500u-156-full-hd-8gb-ram-512gb-ssd-i120823484-s1032943166.html?search=1,https://icms-image.slatic.net/images/ims-web/458d4688-ae26-4e6d-8f39-c26194de228a.png
acer aspire 3 a315-59g i5 12th gen/8gb ram 256gb ssd+1tb hdd 15.6″ fhd nvidia mx550 2 gb graphic laptop,acer,84990,daraz,https://static-01.daraz.com.np/p/7b14d68c23a845bcf6a952ec2cae6408.png,//www.daraz.com.np/products/acer-aspire-3-a315-59g-i5-12th-gen8gb-ram-256gb-ssd1tb-hdd-156-fhd-nvidia-mx550-2-gb-graphic-laptop-i120244295-s1032831903.html?search=1,https://icms-image.slatic.net/images/ims-web/458d4688-ae26-4e6d-8f39-c26194de228a.png
acer aspire 5 a515 ryzen 5-5500u  8 gb ram  512 gb ssd  15.6 inch fhd display fpr   backlit keyboard,acer,74500,daraz,https://static-01.daraz.com.np/p/c0fea90ee58b546ca766e49a23a5ed06.jpg,//www.daraz.com.np/products/acer-aspire-5-a515-ryzen-5-5500u-8-gb-ram-512-gb-ssd-156-inch-fhd-display-fpr-backlit-keyboard-i120545099-s1032886321.html?search=1,https://icms-image.slatic.net/images/ims-web/458d4688-ae26-4e6d-8f39-c26194de228a.png
"acer aspire 5 a515-56-32dk intel core i3 11th gen / 15.6"" fhd laptop / 4gb ram / 128gb ssd / iris xe graphics / windows 11 / silver",acer,51000,daraz,https://static-01.daraz.com.np/p/70660b6afed335553f6830383023f32d.jpg,//www.daraz.com.np/products/acer-aspire-5-a515-56-32dk-intel-core-i3-11th-gen-156-fhd-laptop-4gb-ram-128gb-ssd-iris-xe-graphics-windows-11-silver-i117224609-s1032113629.html?search=1,https://icms-image.slatic.net/images/ims-web/458d4688-ae26-4e6d-8f39-c26194de228a.png
"acer swift 3/ intel core i7 11th gen/ 8gb ram/ 512gb ssd/ intel iris xe/ 14"" fhd ips/ fingerprint/ pure silver/ windows 11/ backlit",acer,96000,daraz,https://static-01.daraz.com.np/p/d4c6564265a0f785b4f824569fe409eb.jpg,//www.daraz.com.np/products/acer-swift-3-intel-core-i7-11th-gen-8gb-ram-512gb-ssd-intel-iris-xe-14-fhd-ips-fingerprint-pure-silver-windows-11-backlit-i111591995-s1030229203.html?search=1,https://icms-image.slatic.net/images/ims-web/458d4688-ae26-4e6d-8f39-c26194de228a.png
"acer aspire 5 / core i3 11th gen / 8gb ram / 128gb ssd / 1tb hdd / 15.6"" fhd / win10 genuine laptop",acer,57990,daraz,https://static-01.daraz.com.np/p/acb6a6dcf56dedeb14a23acaf1860746.jpg,//www.daraz.com.np/products/acer-aspire-5-core-i3-11th-gen-8gb-ram-128gb-ssd-1tb-hdd-156-fhd-win10-genuine-laptop-i113601038-s1030884979.html?search=1,https://icms-image.slatic.net/images/ims-web/458d4688-ae26-4e6d-8f39-c26194de228a.png
"acer aspire 3 2021 i5 11th gen / 8gb ram / 1tb hdd / 256gb ssd / nvidia mx350 2gb / 15.6"" fhd display",acer,90000,daraz,https://static-01.daraz.com.np/p/5409fa5353cc61a84c19834e6bb38b2c.jpg,//www.daraz.com.np/products/acer-aspire-3-2021-i5-11th-gen-8gb-ram-1tb-hdd-256gb-ssd-nvidia-mx350-2gb-156-fhd-display-i122124377-s1033198242.html?search=1,https://icms-image.slatic.net/images/ims-web/458d4688-ae26-4e6d-8f39-c26194de228a.png
acer aspire 5  intel i5 11th gen processor / 8 gb ram / 256 gb nvme ssd / 14 inch fhd display,acer,70000,daraz,https://static-01.daraz.com.np/p/22cfbefef518636a2e9f67a124b6fbab.jpg,//www.daraz.com.np/products/acer-aspire-5-intel-i5-11th-gen-processor-8-gb-ram-256-gb-nvme-ssd-14-inch-fhd-display-i121187835-s1032994798.html?search=1,https://icms-image.slatic.net/images/ims-web/458d4688-ae26-4e6d-8f39-c26194de228a.png
"acer predator helios 300 i7 11th gen rtx 3060 16gb ram 1tb ssd 15.6"" qhd 165hz display",acer,194890,daraz,https://static-01.daraz.com.np/p/33413511f36d3e95c49ea6487523d6ed.jpg,//www.daraz.com.np/products/acer-predator-helios-300-i7-11th-gen-rtx-3060-16gb-ram-1tb-ssd-156-qhd-165hz-display-i120573344-s1032891561.html?search=1,https://icms-image.slatic.net/images/ims-web/458d4688-ae26-4e6d-8f39-c26194de228a.png
"acer swift 3 core / i7 11th gen / 8gb ram  / 256gb / 14"" fhd / win 10",acer,96999,daraz,https://static-01.daraz.com.np/p/f99eb0d63fa145082fe2d5fd429fd313.png,//www.daraz.com.np/products/acer-swift-3-core-i7-11th-gen-8gb-ram-256gb-14-fhd-win-10-i115102684-s1031483422.html?search=1,https://icms-image.slatic.net/images/ims-web/458d4688-ae26-4e6d-8f39-c26194de228a.png
"acer aspire 5/core i3 11th gen/4gb ram/128gb ssd/1tb hdd/15.6""fhd/win10 genuine",acer,60999,daraz,https://static-01.daraz.com.np/p/2578f835e1cff6c56e9978af3f70cdf1.jpg,//www.daraz.com.np/products/acer-aspire-5-core-i3-11th-gen-4gb-ram-128gb-ssd-1tb-hdd-156-fhd-win10-genuine-i113599034-s1030880726.html?search=1,https://icms-image.slatic.net/images/ims-web/458d4688-ae26-4e6d-8f39-c26194de228a.png
"acer nitro 5 laptop i7 10th gen/ 16gb ram/ 1tb nvme ssd/ gtx 1660ti 6gb graphics/ 15.6"" fhd ips 144hz display",acer,135999,daraz,https://static-01.daraz.com.np/p/c4d69db3864b8edbe9cb532a82349ef5.jpg,//www.daraz.com.np/products/acer-nitro-5-laptop-i7-10th-gen-16gb-ram-1tb-nvme-ssd-gtx-1660ti-6gb-graphics-156-fhd-ips-144hz-display-i121090078-s1032984190.html?search=1,https://icms-image.slatic.net/images/ims-web/458d4688-ae26-4e6d-8f39-c26194de228a.png
acer travelmate p2 i3 11th generation -8gb-256gb ssd 14' hd display,acer,56000,daraz,https://static-01.daraz.com.np/p/2f20d68652e3bb1844bbb98228e8e0a6.jpg,//www.daraz.com.np/products/acer-travelmate-p2-i3-11th-generation-8gb-256gb-ssd-14-hd-display-i122054896-s1033192030.html?search=1,https://icms-image.slatic.net/images/ims-web/458d4688-ae26-4e6d-8f39-c26194de228a.png
acer aspire 5 a514 i5 11th gen 8gb ram 512 ssd 14 inchfhd display silver,acer,83000,daraz,https://static-01.daraz.com.np/p/2654cb04b63dd3faba430b23fdf6286a.jpg,//www.daraz.com.np/products/acer-aspire-5-a514-i5-11th-gen-8gb-ram-512-ssd-14-inchfhd-display-silver-i117239938-s1032111546.html?search=1,https://icms-image.slatic.net/images/ims-web/458d4688-ae26-4e6d-8f39-c26194de228a.png
acer nitro 5 amd ryzen 5-5600h 16gb ram 512gb ssd 4gb gtx 1650 graphics 15.6 inch 144hz win11,acer,118000,daraz,https://static-01.daraz.com.np/p/e94f336b01a47d556d149aac1a89b249.jpg,//www.daraz.com.np/products/acer-nitro-5-amd-ryzen-5-5600h-16gb-ram-512gb-ssd-4gb-gtx-1650-graphics-156-inch-144hz-win11-i119968707-s1032799131.html?search=1,https://icms-image.slatic.net/images/ims-web/458d4688-ae26-4e6d-8f39-c26194de228a.png
"2022 acer nitro 5 12th gen intel core i5 8gb ram 512gb ssd nvidia geforce rtx 3050 15.6"" fhd 144hz red backlit win 11 obsidian black",2022,114000,daraz,https://static-01.daraz.com.np/p/135ab2f16cf3f63bdd8fbcace43e8333.jpg,//www.daraz.com.np/products/2022-acer-nitro-5-12th-gen-intel-core-i5-8gb-ram-512gb-ssd-nvidia-geforce-rtx-3050-156-fhd-144hz-red-backlit-win-11-obsidian-black-i122060942-s1033185297.html?search=1,https://icms-image.slatic.net/images/ims-web/458d4688-ae26-4e6d-8f39-c26194de228a.png
"acer nitro 5 / core i5 11th gen h series / 8gb ram /512gb nvme ssd / 15.6"" 144hz ips fhd / 4gb gtx1650 gfx / win 11 laptop",acer,111999,daraz,https://static-01.daraz.com.np/p/698371f3dcd110a14d0dcaf680e4aa8d.png,//www.daraz.com.np/products/acer-nitro-5-core-i5-11th-gen-h-series-8gb-ram-512gb-nvme-ssd-156-144hz-ips-fhd-4gb-gtx1650-gfx-win-11-laptop-i116419446-s1031866769.html?search=1,https://icms-image.slatic.net/images/ims-web/458d4688-ae26-4e6d-8f39-c26194de228a.png
acer nitro 5 11 generation i5 processor/ 8gb ram / 512 gb ssd / nvdia gtx 1650 4 gb - ote nepal,acer,107000,daraz,https://static-01.daraz.com.np/p/3c2083386e9d3c242ece9913c8aa0969.jpg,//www.daraz.com.np/products/acer-nitro-5-11-generation-i5-processor-8gb-ram-512-gb-ssd-nvdia-gtx-1650-4-gb-ote-nepal-i114890436-s1031325023.html?search=1,https://icms-image.slatic.net/images/ims-web/458d4688-ae26-4e6d-8f39-c26194de228a.png
acer nitro  5 gaming ryzen7 6800h 15.6 fhd 165hz nvidia gtx3060 6gb,acer,175000,daraz,https://static-01.daraz.com.np/p/fa1328a8f71f8f2e1dbe834e802dccfa.png,//www.daraz.com.np/products/acer-nitro-5-gaming-ryzen7-6800h-156-fhd-165hz-nvidia-gtx3060-6gb-i123099803-s1033456094.html?search=1,https://icms-image.slatic.net/images/ims-web/458d4688-ae26-4e6d-8f39-c26194de228a.png
"acer extensa 15 intel core i5 11th gen 8gb 512gb nvme ssd 15.6"" full hd  laptop",acer,69900,daraz,https://static-01.daraz.com.np/p/edb86bdde0ad911ba912c4e404fe37ed.jpg,//www.daraz.com.np/products/acer-extensa-15-intel-core-i5-11th-gen-8gb-512gb-nvme-ssd-156-full-hd-laptop-i116783144-s1031958619.html?search=1,https://icms-image.slatic.net/images/ims-web/458d4688-ae26-4e6d-8f39-c26194de228a.png
"acer swift 3 intel core i5 11th gen 1135g7 14 full hd ips 8gb lpddr4x onboard ram 512gb ssd intel iris xe graphics, windows 11",acer,85800,daraz,https://static-01.daraz.com.np/p/b040a0c85fd83419ac36e21268ea2ece.jpg,//www.daraz.com.np/products/acer-swift-3-intel-core-i5-11th-gen-1135g7-14-full-hd-ips-8gb-lpddr4x-onboard-ram-512gb-ssd-intel-iris-xe-graphics-windows-11-i121354650-s1033042521.html?search=1,https://icms-image.slatic.net/images/ims-web/458d4688-ae26-4e6d-8f39-c26194de228a.png
"acer aspire 3 core i5 11th gen/ 12gb ram/256 ssd + 1 tb hdd/15.6"" fhd/ win 11",acer,71990,daraz,https://static-01.daraz.com.np/p/22a919c657db02e0c446303b4c6c9b21.jpg,//www.daraz.com.np/products/acer-aspire-3-core-i5-11th-gen-12gb-ram256-ssd-1-tb-hdd156-fhd-win-11-i124885705-s1033918771.html?search=1,https://icms-image.slatic.net/images/ims-web/458d4688-ae26-4e6d-8f39-c26194de228a.png
acer swift 3/intel i7 11th gen/8gb ddr4/256 gb nvme ssd/14” fhd ips,acer,116000,daraz,https://static-01.daraz.com.np/p/f32fee4dedd7ec2fe69797963b82423b.png,//www.daraz.com.np/products/acer-swift-3intel-i7-11th-gen8gb-ddr4256-gb-nvme-ssd14-fhd-ips-i120183274-s1032832037.html?search=1,https://icms-image.slatic.net/images/ims-web/458d4688-ae26-4e6d-8f39-c26194de228a.png
"acer nitro 5 2022 i5 12th gen 12500h / 8gb ram / 512gb ssd / 15.6"" fhd 144hz display / rtx 3050 4 gb/ backlight keyboard - ote",acer,115899,daraz,https://static-01.daraz.com.np/p/a17790a677688fae21cef077ab7ff61a.png,//www.daraz.com.np/products/acer-nitro-5-2022-i5-12th-gen-12500h-8gb-ram-512gb-ssd-156-fhd-144hz-display-rtx-3050-4-gb-backlight-keyboard-ote-i122720910-s1033361828.html?search=1,https://icms-image.slatic.net/images/ims-web/458d4688-ae26-4e6d-8f39-c26194de228a.png
"acer swift 3 i7-1165g7 8gb ram 256gb nvme ssd 14"" fhd display",acer,104000,daraz,https://static-01.daraz.com.np/p/f2aaa62d58d44150e1ddcd453a6610a6.jpg,//www.daraz.com.np/products/acer-swift-3-i7-1165g7-8gb-ram-256gb-nvme-ssd-14-fhd-display-i118557501-s1032470259.html?search=1,https://icms-image.slatic.net/images/ims-web/458d4688-ae26-4e6d-8f39-c26194de228a.png
"acer aspire 5 intel core i5 11th gen i 4gb ram i 1tb i iris xe graphics i windows 10 home i 15.6"" hd laptop",acer,61998,daraz,https://static-01.daraz.com.np/p/76c02390d225bce352cb7b113ad6611f.jpg,//www.daraz.com.np/products/acer-aspire-5-intel-core-i5-11th-gen-i-4gb-ram-i-1tb-i-iris-xe-graphics-i-windows-10-home-i-156-hd-laptop-i113966892-s1030979855.html?search=1,https://icms-image.slatic.net/images/ims-web/458d4688-ae26-4e6d-8f39-c26194de228a.png
laptop acer aspire5 a515-56g-513k i5 11th gen-8gb-512ssd-mx350 2gb,laptop,95000,daraz,https://static-01.daraz.com.np/p/ee6c692f179f871728bb0d83e6f1b733.jpg,//www.daraz.com.np/products/laptop-acer-aspire5-a515-56g-513k-i5-11th-gen-8gb-512ssd-mx350-2gb-i115811239-s1031677361.html?search=1,https://icms-image.slatic.net/images/ims-web/458d4688-ae26-4e6d-8f39-c26194de228a.png
laptop acer swift3 sf314-43-r0k1 amd ryzen7 8gb-512ssd,laptop,103000,daraz,https://static-01.daraz.com.np/p/d14fd9b3154698991c4e159f160acf74.jpg,//www.daraz.com.np/products/laptop-acer-swift3-sf314-43-r0k1-amd-ryzen7-8gb-512ssd-i115813084-s1031681062.html?search=1,https://icms-image.slatic.net/images/ims-web/458d4688-ae26-4e6d-8f39-c26194de228a.png
acer aspire 3 amd ryzen 3 3250u i 4gb ram i 256gb ssd i 15.6'' fhd display i silver laptop,acer,48000,daraz,https://static-01.daraz.com.np/p/340de2fc4a3a116ac48e9e2eff5b7126.jpg,//www.daraz.com.np/products/acer-aspire-3-amd-ryzen-3-3250u-i-4gb-ram-i-256gb-ssd-i-156-fhd-display-i-silver-laptop-i118266771-s1032452838.html?search=1,https://icms-image.slatic.net/images/ims-web/458d4688-ae26-4e6d-8f39-c26194de228a.png
"acer aspire 5 a515-57g intel core i5 12th gen 1235u 1.6ghz upto 3.4ghz, 12mb, 15.6"" fhd ips slimbezel, 16gb ddr4,512gb pcie nvme ssd, nvidia geforce mx550 2gb ddr6, kb backlight, fingerprint reader, linux,gold",acer,88900,daraz,https://static-01.daraz.com.np/p/07597bbdf22f9fd9b35824119ff64774.jpg,//www.daraz.com.np/products/acer-aspire-5-a515-57g-intel-core-i5-12th-gen-1235u-16ghz-upto-34ghz-12mb-156-fhd-ips-slimbezel-16gb-ddr4512gb-pcie-nvme-ssd-nvidia-geforce-mx550-2gb-ddr6-kb-backlight-fingerprint-reader-linuxgold-i123928183-s1033646140.html?search=1,https://icms-image.slatic.net/images/ims-web/458d4688-ae26-4e6d-8f39-c26194de228a.png
acer extensa 15 intel core i5 11th gen  8gb ram  512gb nvme  ote,acer,75000,daraz,https://static-01.daraz.com.np/p/b31afc8819189fab36baff64ec01651c.jpg,//www.daraz.com.np/products/acer-extensa-15-intel-core-i5-11th-gen-8gb-ram-512gb-nvme-ote-i120611949-s1032901166.html?search=1,https://icms-image.slatic.net/images/ims-web/458d4688-ae26-4e6d-8f39-c26194de228a.png
"acer aspire 5 a515-45 ryzen 5 5500u 8gb ram 256gb ssd 15.6"" fhd display",acer,66500,daraz,https://static-01.daraz.com.np/p/060b51d9958ef263e58a89d3042611e5.jpg,//www.daraz.com.np/products/acer-aspire-5-a515-45-ryzen-5-5500u-8gb-ram-256gb-ssd-156-fhd-display-i122770610-s1033383027.html?search=1,https://icms-image.slatic.net/images/ims-web/458d4688-ae26-4e6d-8f39-c26194de228a.png
"acer travelmate spin b3 2-in-1 intel celeron / 4gb ram / 128gb ssd / 11.6"" touchscreen display",acer,45000,itti,https://itti.com.np/pub/media/catalog/product/cache/d73a5018306142840707bd616a4ef293/a/c/acer-travelmate-spin-b3-price-nepal-best-laptop-under-50000.jpg,https://itti.com.np/acer-travelmate-spin-price-nepal,https://itti.com.np/pub/media/logo/stores/1/itti-logo.png
"acer aspire 3 14 ryzen 3 3250u / 4gb ram / 1tb hdd / 14"" hd display",acer,55000,itti,https://itti.com.np/pub/media/catalog/product/cache/d73a5018306142840707bd616a4ef293/a/s/aspire_3_2_7.jpg,https://itti.com.np/acer-aspire-3-ryzen-3-price-nepal,https://itti.com.np/pub/media/logo/stores/1/itti-logo.png
"acer aspire 5 2021 11th gen i3 / 4gb ram / 1tb hdd / 15.6"" hd display",acer,58000,itti,https://itti.com.np/pub/media/catalog/product/cache/d73a5018306142840707bd616a4ef293/a/s/aspire_3_3.jpg,https://itti.com.np/acer-aspire-5-price-nepal-i5,https://itti.com.np/pub/media/logo/stores/1/itti-logo.png
"acer aspire 3 2021 i3 11th gen  / 4gb ram / 1tb hdd / 15.6"" fhd display",acer,59000,itti,https://itti.com.np/pub/media/catalog/product/cache/d73a5018306142840707bd616a4ef293/i/3/i3_2.jpeg,https://itti.com.np/acer-aspire-3-i3-price-nepal,https://itti.com.np/pub/media/logo/stores/1/itti-logo.png
"acer aspire 5 2022 12th gen i3 / 4gb ram / 256gb ssd / 15.6"" fhd display backlight keyboard",acer,67000,itti,https://itti.com.np/pub/media/catalog/product/cache/d73a5018306142840707bd616a4ef293/a/c/acer_12_gen_2.jpeg,https://itti.com.np/acer-aspire-5-2022-price-nepal-i3,https://itti.com.np/pub/media/logo/stores/1/itti-logo.png
"acer aspire 3  core i5 10th gen / 4gb ram / 1tb hdd / 15.6"" hd display",acer,68000,itti,https://itti.com.np/pub/media/catalog/product/cache/d73a5018306142840707bd616a4ef293/a/s/aspire_3_2_7_1.jpg,https://itti.com.np/acer-aspire-3-2020-price-nepal-i5,https://itti.com.np/pub/media/logo/stores/1/itti-logo.png
"acer aspire 3 14 ryzen 5 3500 / 8gb ram / 256gb ssd / 14"" hd display",acer,70000,itti,https://itti.com.np/pub/media/lazyloading/blank.png,https://itti.com.np/acer-aspire-3-ryzen-price-nepal,https://itti.com.np/pub/media/logo/stores/1/itti-logo.png
"acer aspire 5 2022 12th gen i3 / nvidia geforce mx550 / 4gb ram / 256gb ssd / 14"" fhd display",acer,70000,itti,https://itti.com.np/pub/media/lazyloading/blank.png,https://itti.com.np/acer-aspire-5-price-nepal-i3,https://itti.com.np/pub/media/logo/stores/1/itti-logo.png
"acer aspire 5 2021 i5 11th gen / 4gb ram / 1tb hdd / 15.6"" hd display",acer,71000,itti,https://itti.com.np/pub/media/lazyloading/blank.png,https://itti.com.np/acer-aspire-5-price-nepal-1,https://itti.com.np/pub/media/logo/stores/1/itti-logo.png
"acer aspire 5 2021 i5 11th gen / 8gb ram / 256gb ssd / 14 "" fhd display",acer,72000,itti,https://itti.com.np/pub/media/lazyloading/blank.png,https://itti.com.np/acer-aspire-5-price-nepal,https://itti.com.np/pub/media/logo/stores/1/itti-logo.png
"acer extensa 15 ex215 2021 i5 11th gen  / 8gb ram / 1tb hdd / 256gb ssd / 15.6"" fhd display",acer,73000,itti,https://itti.com.np/pub/media/lazyloading/blank.png,https://itti.com.np/acer-extensa-15-price-nepal,https://itti.com.np/pub/media/logo/stores/1/itti-logo.png
"acer swift 3 2021 ryzen 3 5300u / amd vega 8 / 8gb ram / 256gb ssd / 14"" fhd display",acer,79000,itti,https://itti.com.np/pub/media/lazyloading/blank.png,https://itti.com.np/acer-swift-3-price-nepal-ryzen-3,https://itti.com.np/pub/media/logo/stores/1/itti-logo.png
"acer predator helios 300 / i7 11th gen 8 core / rtx 3060 / 16gb ram / 1tb ssd / 15.6"" qhd display , rgb",acer,213000,sastodeal,https://static.sastodeal.com//media/seller/275855/8/1/81vncwpxsvl._ac_sl1500_.jpg,https://www.sastodeal.com/acer-predator-helios-300-i7-11th-gen-8-core-rtx-3060-16gb-ram-1tb-ssd-15-6-tech-345-567.html,https://s3-us-west-2.amazonaws.com/cbi-image-service-prd/modified/6267e600-c16f-4a47-8be1-c2e511ae0498.png
"acer aspire 5  i5 11th gen / 8gb ram / 256gb ssd / 14"" fhd display",acer,85000,sastodeal,https://static.sastodeal.com//media/seller/275855/8/1/81xrzsmg2vl._sl1500_.jpg,https://www.sastodeal.com/acer-aspire-5-i5-11th-gen-8gb-ram-256gb-ssd-14-fhd-display-tech-store-14789.html,https://s3-us-west-2.amazonaws.com/cbi-image-service-prd/modified/6267e600-c16f-4a47-8be1-c2e511ae0498.png
"acer nitro 5 i7 10th gen / 8gb ram/ 512gb ssd/ gtx 1650ti/ 15.6"" 144hz fhd",acer,155000,sastodeal,https://static.sastodeal.com//media/seller/275855/8/1/81mxlt2j81l._sl1500_.jpg,https://www.sastodeal.com/acer-nitro-5-i7-10th-gen-8gb-ram-512gb-ssd-gtx-1650ti-15-6-144hz-fhd-tech-456-asd.html,https://s3-us-west-2.amazonaws.com/cbi-image-service-prd/modified/6267e600-c16f-4a47-8be1-c2e511ae0498.png
"acer nitro 5 amd ryzen 5 4600h / gtx 1650 / 15.6"" fhd  / 8gb ram / 256gb ssd",acer,112000,sastodeal,https://static.sastodeal.com//media/seller/275855/7/1/71ydoiidt7l._ac_sl1500_.jpg,https://www.sastodeal.com/acer-nitro-5-amd-ryzen-5-4600h-gtx-1650-15-6-fhd-8gb-ram-256gb-ssd-tech-147-2022.html,https://s3-us-west-2.amazonaws.com/cbi-image-service-prd/modified/6267e600-c16f-4a47-8be1-c2e511ae0498.png
"acer nitro 5 i5 10th gen / 8gb ram/ 512gb ssd/ gtx 1650/ 15.6"" fhd 144hz",acer,122000,sastodeal,https://static.sastodeal.com//media/seller/275855/8/1/81lwuzhybll._ac_sl1500_.jpg,https://www.sastodeal.com/acer-nitro-5-i5-10th-gen-8gb-ram-512gb-ssd-gtx-1650-15-6-fhd-144hz-tech-store1998.html,https://s3-us-west-2.amazonaws.com/cbi-image-service-prd/modified/6267e600-c16f-4a47-8be1-c2e511ae0498.png
"acer aspire fun s40 ,i5 11th gen / 16gb ram / 512gb ssd / 14"" fhd display",acer,89000,sastodeal,https://static.sastodeal.com//media/seller/275855/s/4/s40_1.png,https://www.sastodeal.com/acer-aspire-fun-s40-i5-11th-gen-16gb-ram-512gb-ssd-14-fhd-display-store-2022-21.html,https://s3-us-west-2.amazonaws.com/cbi-image-service-prd/modified/6267e600-c16f-4a47-8be1-c2e511ae0498.png
"lenovo ideapad 3 2023 intel core i3-1215u, 6c (2p + 4e)- 8t / 8gb ram / 256gb m.2 ssd / 14"" fhd display",lenovo,59500,daraz,https://static-01.daraz.com.np/p/d7aab1ca739e87e99b4b63357dd2bc1d.jpg,//www.daraz.com.np/products/lenovo-ideapad-3-2023-intel-core-i3-1215u-6c-2p-4e-8t-8gb-ram-256gb-m2-ssd-14-fhd-display-i122944669-s1033412124.html?search=1,https://icms-image.slatic.net/images/ims-web/458d4688-ae26-4e6d-8f39-c26194de228a.png
"lenovo ideapad 3 2023 intel core i3-1215u, 6c (2p + 4e)- 8t / 8gb ram / 512gb m.2 ssd / 14"" fhd display",lenovo,63500,daraz,https://static-01.daraz.com.np/p/6cd1dbbb20abb47f3cfe8ced8a4f0a3b.jpg,//www.daraz.com.np/products/lenovo-ideapad-3-2023-intel-core-i3-1215u-6c-2p-4e-8t-8gb-ram-512gb-m2-ssd-14-fhd-display-i123181825-s1033473109.html?search=1,https://icms-image.slatic.net/images/ims-web/458d4688-ae26-4e6d-8f39-c26194de228a.png
thinkpad x13 gen 2 (13” intel) laptop,thinkpad,205000,daraz,https://static-01.daraz.com.np/p/c590acfb67582d1d79344af2b44ff9e5.jpg,//www.daraz.com.np/products/thinkpad-x13-gen-2-13-intel-laptop-i118834638-s1032553097.html?search=1,https://icms-image.slatic.net/images/ims-web/458d4688-ae26-4e6d-8f39-c26194de228a.png
"thinkpad x1 carbon gen 9(ram8gb, 256ssd,backlit keyboard)",thinkpad,229950,daraz,https://static-01.daraz.com.np/p/cd968bf49836fcccee299a2dea09ff01.jpg,//www.daraz.com.np/products/thinkpad-x1-carbon-gen-9ram8gb-256ssdbacklit-keyboard-i118091806-s1032382073.html?search=1,https://icms-image.slatic.net/images/ims-web/458d4688-ae26-4e6d-8f39-c26194de228a.png
"lenovo ideapad 3 ryzen 5 5500u /8gb ram/256gb ssd/14"" fhd",lenovo,63990,daraz,https://static-01.daraz.com.np/p/af58fa1449986a4ddbb620d7da3b0e93.jpg,//www.daraz.com.np/products/lenovo-ideapad-3-ryzen-5-5500u-8gb-ram256gb-ssd14-fhd-i122092598-s1033182792.html?search=1,https://icms-image.slatic.net/images/ims-web/458d4688-ae26-4e6d-8f39-c26194de228a.png
lenovo ideapad 1 intel celeron processor 4 gb ram 128 gb ssd 14 inch display - ote,lenovo,31950,daraz,https://static-01.daraz.com.np/p/89176848121e78a00f9abd454cde311c.jpg,//www.daraz.com.np/products/lenovo-ideapad-1-intel-celeron-processor-4-gb-ram-128-gb-ssd-14-inch-display-ote-i120789072-s1032930490.html?search=1,https://icms-image.slatic.net/images/ims-web/458d4688-ae26-4e6d-8f39-c26194de228a.png
lenovo v15 intel celeron processor  4 gb ram 128 gb ssd 15.6 inch black - ote,lenovo,31950,daraz,https://static-01.daraz.com.np/p/dc31af661702aa1f29e8f3c8ae2581c9.jpg,//www.daraz.com.np/products/lenovo-v15-intel-celeron-processor-4-gb-ram-128-gb-ssd-156-inch-black-ote-i122894165-s1033401495.html?search=1,https://icms-image.slatic.net/images/ims-web/458d4688-ae26-4e6d-8f39-c26194de228a.png
lenovo legion 5 ryzen 5 5600h rtx 3050 ti 8gb ram 512gb ssd 120hz,lenovo,128488,daraz,https://static-01.daraz.com.np/p/c7bbcb90ec74aacbf9e23ccaf34c2215.jpg,//www.daraz.com.np/products/lenovo-legion-5-ryzen-5-5600h-rtx-3050-ti-8gb-ram-512gb-ssd-120hz-i121948692-s1033166152.html?search=1,https://icms-image.slatic.net/images/ims-web/458d4688-ae26-4e6d-8f39-c26194de228a.png
"lenovo 1 14igl7 pentium n5030 14"" laptop - 4gb ram - 128gb emmc storage - windows 11 in s mode - cloud grey",lenovo,34999,daraz,https://static-01.daraz.com.np/p/51171e4563d6dd7d3e00a3b8176a5755.jpg,//www.daraz.com.np/products/lenovo-1-14igl7-pentium-n5030-14-laptop-4gb-ram-128gb-emmc-storage-windows-11-in-s-mode-cloud-grey-i123010562-s1033442029.html?search=1,https://icms-image.slatic.net/images/ims-web/458d4688-ae26-4e6d-8f39-c26194de228a.png
"lenovo ip3 ryzen 7 5700u/8gb ram/256gb ssd/14"" fhd",lenovo,79990,daraz,https://static-01.daraz.com.np/p/af58fa1449986a4ddbb620d7da3b0e93.jpg,//www.daraz.com.np/products/lenovo-ip3-ryzen-7-5700u8gb-ram256gb-ssd14-fhd-i122102395-s1033186569.html?search=1,https://icms-image.slatic.net/images/ims-web/458d4688-ae26-4e6d-8f39-c26194de228a.png
"lenovo s540 ultralight i5-10th gen/512gb ssd/ 16 gb ram/ 13.3"" wqhd",lenovo,86000,daraz,https://static-01.daraz.com.np/p/f90a4b12334df3d242e20e352eb208b5.jpg,//www.daraz.com.np/products/lenovo-s540-ultralight-i5-10th-gen512gb-ssd-16-gb-ram-133-wqhd-i108033437-s1029093470.html?search=1,https://icms-image.slatic.net/images/ims-web/458d4688-ae26-4e6d-8f39-c26194de228a.png
lenovo ideapad 3 (2021) 15.6 inch ryzen 5 5500u 8gb ram 256gb ssd fingerprint sensor fhd display backlight keyboard,lenovo,76000,daraz,https://static-01.daraz.com.np/p/38ec5021adf650d6449dc698abcc2e86.jpg,//www.daraz.com.np/products/lenovo-ideapad-3-2021-156-inch-ryzen-5-5500u-8gb-ram-256gb-ssd-fingerprint-sensor-fhd-display-backlight-keyboard-i108261783-s1029191552.html?search=1,https://icms-image.slatic.net/images/ims-web/458d4688-ae26-4e6d-8f39-c26194de228a.png
"lenovo legion 5 gaming amd ryzen 5 5600h, 8gb ram, 512gb ssd, 15.6″ fhd 120hz , nvidia rtx 3050ti 4gb gpu, windows 11 home, rgb backlit keyboard",lenovo,107999,daraz,https://static-01.daraz.com.np/p/d642ca4ac339360f909fc225f96eb691.jpg,//www.daraz.com.np/products/lenovo-legion-5-gaming-amd-ryzen-5-5600h-8gb-ram-512gb-ssd-156-fhd-120hz-nvidia-rtx-3050ti-4gb-gpu-windows-11-home-rgb-backlit-keyboard-i123790971-s1033611358.html?search=1,https://icms-image.slatic.net/images/ims-web/458d4688-ae26-4e6d-8f39-c26194de228a.png
newly lunched-lenovo yoga 6 13alc6 touch screen 360 degree rotate 5500u 2.1g 8gb ram 256gb ssd 13.3″ hd,newly,109990,daraz,https://static-01.daraz.com.np/p/c6b5dc58e7e411752e35f68362509a9e.jpg,//www.daraz.com.np/products/newly-lunched-lenovo-yoga-6-13alc6-touch-screen-360-degree-rotate-5500u-21g-8gb-ram-256gb-ssd-133-hd-i119236008-s1032637523.html?search=1,https://icms-image.slatic.net/images/ims-web/458d4688-ae26-4e6d-8f39-c26194de228a.png
"lenovo flex 5 x360 touch core i3 11th gen/ 4gb ram/256gb ssd/14"" fhd 360 rotate touch/win 10 genuine",lenovo,61999,daraz,https://static-01.daraz.com.np/p/bf3cb6af3c4637a9bd91c512be41d2e7.jpg,//www.daraz.com.np/products/lenovo-flex-5-x360-touch-core-i3-11th-gen-4gb-ram256gb-ssd14-fhd-360-rotate-touchwin-10-genuine-i120230357-s1032832722.html?search=1,https://icms-image.slatic.net/images/ims-web/458d4688-ae26-4e6d-8f39-c26194de228a.png
"lenovo ip3i / core i3 11th gen / 4gb ram / 256gb ssd nvme / 15.6"" fhd / win 11",lenovo,53990,daraz,https://static-01.daraz.com.np/p/8b89e1b491f682e2c627f58654a4b5e2.jpg,//www.daraz.com.np/products/lenovo-ip3i-core-i3-11th-gen-4gb-ram-256gb-ssd-nvme-156-fhd-win-11-i115558648-s1031583540.html?search=1,https://icms-image.slatic.net/images/ims-web/458d4688-ae26-4e6d-8f39-c26194de228a.png
"lenovo thinkpad l13/ core i5 11th gen/8gb/256/13.3"" fhd/windows 10 pro",lenovo,121999,daraz,https://static-01.daraz.com.np/p/0e24e892625ff7ef68233c4d98fbba7f.jpg,//www.daraz.com.np/products/lenovo-thinkpad-l13-core-i5-11th-gen8gb256133-fhdwindows-10-pro-i111932688-s1030293234.html?search=1,https://icms-image.slatic.net/images/ims-web/458d4688-ae26-4e6d-8f39-c26194de228a.png
lenovo legion 5 pro ryzen 7 5800h  rtx 3070  16gb ram 512gb ssd 16'' 165hz,lenovo,235990,daraz,https://static-01.daraz.com.np/p/d272af2efe3a7b33af03ce05c30b4abc.jpg,//www.daraz.com.np/products/lenovo-legion-5-pro-ryzen-7-5800h-rtx-3070-16gb-ram-512gb-ssd-16-165hz-i114145957-s1031016251.html?search=1,https://icms-image.slatic.net/images/ims-web/458d4688-ae26-4e6d-8f39-c26194de228a.png
lenovo flex-5 15itl05 i7-1165g7 16gb ram 1tb ssd 15.6 uhd(4k)-touch x360 rotate ips screen nvidia mx450 2gb graphic windows 11 pro laptop,lenovo,154990,daraz,https://static-01.daraz.com.np/p/c3a1bf2debdaebc224150c455798a020.jpg,//www.daraz.com.np/products/lenovo-flex-5-15itl05-i7-1165g7-16gb-ram-1tb-ssd-156-uhd4k-touch-x360-rotate-ips-screen-nvidia-mx450-2gb-graphic-windows-11-pro-laptop-i117253195-s1032109899.html?search=1,https://icms-image.slatic.net/images/ims-web/458d4688-ae26-4e6d-8f39-c26194de228a.png
lenovo flex 5 i7 11th gen 16gb ram 512 ssd 15.6 full hd ips x360 touch,lenovo,125000,daraz,https://static-01.daraz.com.np/p/ffed27957729983bee605e183bdf0e3b.jpg,//www.daraz.com.np/products/lenovo-flex-5-i7-11th-gen-16gb-ram-512-ssd-156-full-hd-ips-x360-touch-i114235854-s1031036128.html?search=1,https://icms-image.slatic.net/images/ims-web/458d4688-ae26-4e6d-8f39-c26194de228a.png
"lenovo v15 intel celeron n4020 15.6"" (39.62 cm) hd 220 nits antiglare thin and light laptop (4gb ram/256gb ssd/dos/iron grey/1.85 kg)",lenovo,34000,daraz,https://static-01.daraz.com.np/p/286b4a19f28404d4fe706f59e4928ca7.jpg,//www.daraz.com.np/products/lenovo-v15-intel-celeron-n4020-156-3962-cm-hd-220-nits-antiglare-thin-and-light-laptop-4gb-ram256gb-ssddosiron-grey185-kg-i124968227-s1033934969.html?search=1,https://icms-image.slatic.net/images/ims-web/458d4688-ae26-4e6d-8f39-c26194de228a.png
"lenovo v15 laptop/ celeron/ 4gbram/1tbhdd/15.6""",lenovo,35990,daraz,https://static-01.daraz.com.np/p/aa9ac8d07e7f0c2a22530e3465ec3970.jpg,//www.daraz.com.np/products/lenovo-v15-laptop-celeron-4gbram1tbhdd156-i108918086-s1029421885.html?search=1,https://icms-image.slatic.net/images/ims-web/458d4688-ae26-4e6d-8f39-c26194de228a.png
lenovo thinkpad p14s gen2  workstation laptop /11th gen intel core i7/ 16gb /512gb ssd/ backlit keyboard/ fpr/ 3yrs warranty,lenovo,220000,daraz,https://static-01.daraz.com.np/p/d7c01da15a7dbe06116837597e6b6123.jpg,//www.daraz.com.np/products/lenovo-thinkpad-p14s-gen2-workstation-laptop-11th-gen-intel-core-i7-16gb-512gb-ssd-backlit-keyboard-fpr-3yrs-warranty-i109935388-s1029769504.html?search=1,https://icms-image.slatic.net/images/ims-web/458d4688-ae26-4e6d-8f39-c26194de228a.png
"lenovo ip1 ryzen5 7520u/ 8gb ram/256gb ssd/15.6"" fhd",lenovo,60990,daraz,https://static-01.daraz.com.np/p/950ffbaf9eaa41543ba78e2ecc2c6e7c.jpg,//www.daraz.com.np/products/lenovo-ip1-ryzen5-7520u-8gb-ram256gb-ssd156-fhd-i123142639-s1033457642.html?search=1,https://icms-image.slatic.net/images/ims-web/458d4688-ae26-4e6d-8f39-c26194de228a.png
"lenovo ideapad flex 5 , i3 11th gen , 4 gb ram , 128 gb ssd , 14"" touchscreen",lenovo,61500,daraz,https://static-01.daraz.com.np/p/7c2bec9e9336a7eebd05e410448e2314.png,//www.daraz.com.np/products/lenovo-ideapad-flex-5-i3-11th-gen-4-gb-ram-128-gb-ssd-14-touchscreen-i120236838-s1032888218.html?search=1,https://icms-image.slatic.net/images/ims-web/458d4688-ae26-4e6d-8f39-c26194de228a.png
"lenovo ip1 ryzen5 7520u/ 8gb ram/256gb ssd/14"" fhd",lenovo,60990,daraz,https://static-01.daraz.com.np/p/f7ce67a69070f9f120f67c8eee7067d3.png,//www.daraz.com.np/products/lenovo-ip1-ryzen5-7520u-8gb-ram256gb-ssd14-fhd-i123143867-s1033457656.html?search=1,https://icms-image.slatic.net/images/ims-web/458d4688-ae26-4e6d-8f39-c26194de228a.png
"lenovo legion 5 pro 16, amd ryzen 5 5600h, 16gb ram, 512gb nvme ssd, nvidia rtx 3050 4 gb 16″ wqxga 2560 x 1600 ips, 16:10, 500 nits, 165hz",lenovo,162800,daraz,https://static-01.daraz.com.np/p/3edb9630898bd3f8d9780b44e061b1cf.jpg,//www.daraz.com.np/products/lenovo-legion-5-pro-16-amd-ryzen-5-5600h-16gb-ram-512gb-nvme-ssd-nvidia-rtx-3050-4-gb-16-wqxga-2560-x-1600-ips-1610-500-nits-165hz-i121079972-s1032969671.html?search=1,https://icms-image.slatic.net/images/ims-web/458d4688-ae26-4e6d-8f39-c26194de228a.png
"lenovo ip 3 14 core i5 12th gen/8gb/256ssd/14""fhd",lenovo,71990,daraz,https://static-01.daraz.com.np/p/e7ab2f7609c748d2d1cdac12d3fa1bbb.jpg,//www.daraz.com.np/products/lenovo-ip-3-14-core-i5-12th-gen8gb256ssd14fhd-i123673578-s1033595070.html?search=1,https://icms-image.slatic.net/images/ims-web/458d4688-ae26-4e6d-8f39-c26194de228a.png
"lenovo ideapad 1 15lgl7 11thgen intel celeron n4120 4gb ddr4 ram 128gb ssd 15.6""' display windows 11 genuine abyss blue laptop",lenovo,34900,daraz,https://static-01.daraz.com.np/p/8a64e6dbef21792c66f6bfa2408a214c.jpg,//www.daraz.com.np/products/lenovo-ideapad-1-15lgl7-11thgen-intel-celeron-n4120-4gb-ddr4-ram-128gb-ssd-156-display-windows-11-genuine-abyss-blue-laptop-i123993177-s1033662359.html?search=1,https://icms-image.slatic.net/images/ims-web/458d4688-ae26-4e6d-8f39-c26194de228a.png
lenovo ideapad 1 14 inch laptop for students / intel core i3 12th gen cpu / 4gb ram / 256gb ssd / windows 11 genuine,lenovo,51999,daraz,https://static-01.daraz.com.np/p/2cdfd61293651b466883f9ebc37313f3.jpg,//www.daraz.com.np/products/lenovo-ideapad-1-14-inch-laptop-for-students-intel-core-i3-12th-gen-cpu-4gb-ram-256gb-ssd-windows-11-genuine-i124572566-s1033835062.html?search=1,https://icms-image.slatic.net/images/ims-web/458d4688-ae26-4e6d-8f39-c26194de228a.png
lenovo legion 5 amd ryzen 5 5600h rtx 3050ti 8gb ram 512gb ssd windows 11,lenovo,107800,daraz,https://static-01.daraz.com.np/p/67de045e8362fa9c3efa5b302efe2b0d.jpg,//www.daraz.com.np/products/lenovo-legion-5-amd-ryzen-5-5600h-rtx-3050ti-8gb-ram-512gb-ssd-windows-11-i124331001-s1033740243.html?search=1,https://icms-image.slatic.net/images/ims-web/458d4688-ae26-4e6d-8f39-c26194de228a.png
"lenovo v14 intel celeron n4020/ 14"" hd tn/ 4gb ram/ 256gb ssd/ iron grey/ dos",lenovo,34000,daraz,https://static-01.daraz.com.np/p/6d5e3d5e2ece7e05163322de6049eca2.jpg,//www.daraz.com.np/products/lenovo-v14-intel-celeron-n4020-14-hd-tn-4gb-ram-256gb-ssd-iron-grey-dos-i124968978-s1033942314.html?search=1,https://icms-image.slatic.net/images/ims-web/458d4688-ae26-4e6d-8f39-c26194de228a.png
"lenovo v15 / ryzen 5-5500u / 8gb /  512gb ssd /15.6""fhd",lenovo,67000,daraz,https://static-01.daraz.com.np/p/8ecf2ef386e923b0395ccf1abfd4ac4e.jpg,//www.daraz.com.np/products/lenovo-v15-ryzen-5-5500u-8gb-512gb-ssd-156fhd-i121669986-s1033139511.html?search=1,https://icms-image.slatic.net/images/ims-web/458d4688-ae26-4e6d-8f39-c26194de228a.png
"lenovo ideapad gaming 3 15  ryzen 5 5600h 8gb ddr4 ram, 512gb ssd storage 15.6″ fhd  1660, windows 10",lenovo,125000,daraz,https://static-01.daraz.com.np/p/822130a86606f5511894aa4894615eac.png,//www.daraz.com.np/products/lenovo-ideapad-gaming-3-15-ryzen-5-5600h-8gb-ddr4-ram-512gb-ssd-storage-156-fhd-1660-windows-10-i122703903-s1033360025.html?search=1,https://icms-image.slatic.net/images/ims-web/458d4688-ae26-4e6d-8f39-c26194de228a.png
lenovo legion 5 ryzen 7 5800h nvidia geforce rtx 3060 16gb ram 512gb nvme ssd,lenovo,210000,daraz,https://static-01.daraz.com.np/p/13a533f03fe12498c50707627b46ade5.jpg,//www.daraz.com.np/products/lenovo-legion-5-ryzen-7-5800h-nvidia-geforce-rtx-3060-16gb-ram-512gb-nvme-ssd-i120231614-s1032838486.html?search=1,https://icms-image.slatic.net/images/ims-web/458d4688-ae26-4e6d-8f39-c26194de228a.png
lenovo legion 5 ryzen 5 5600h rtx 3050ti,lenovo,105000,daraz,https://static-01.daraz.com.np/p/8627605774cc0cfb8dc6f34f1ce8e379.jpg,//www.daraz.com.np/products/lenovo-legion-5-ryzen-5-5600h-rtx-3050ti-i123565781-s1033575016.html?search=1,https://icms-image.slatic.net/images/ims-web/458d4688-ae26-4e6d-8f39-c26194de228a.png
lenovo ideapad flex 5 14are05 2 in 1 amd ryzen 3 4300u 4gb ram  128 gb ssd  14”fhd 360 degree touch screen display,lenovo,56500,daraz,https://static-01.daraz.com.np/p/f1fb9dba55d52d5dcd63f89683b2eee6.jpg,//www.daraz.com.np/products/lenovo-ideapad-flex-5-14are05-2-in-1-amd-ryzen-3-4300u-4gb-ram-128-gb-ssd-14fhd-360-degree-touch-screen-display-i119083520-s1032612052.html?search=1,https://icms-image.slatic.net/images/ims-web/458d4688-ae26-4e6d-8f39-c26194de228a.png
"lenovo ideapad 3  ryzen 7 5700u  8gb ram  256ssd  14"" display",lenovo,77280,daraz,https://static-01.daraz.com.np/p/274de04107a890adc7316b5f1dfc7979.jpg,//www.daraz.com.np/products/lenovo-ideapad-3-ryzen-7-5700u-8gb-ram-256ssd-14-display-i121552848-s1033076361.html?search=1,https://icms-image.slatic.net/images/ims-web/458d4688-ae26-4e6d-8f39-c26194de228a.png
"lenovo ideapad gaming 3 15.6"" 120hz laptop amd ryzen 5-5600h 8gb ram 256gb ssd rtx 3050 4gb gddr6 shadow black",lenovo,107000,daraz,https://np-live-21.slatic.net/kf/S8a2a76deecc348e582b4dfd62b8eb27dp.jpg,//www.daraz.com.np/products/lenovo-ideapad-gaming-3-156-120hz-laptop-amd-ryzen-5-5600h-8gb-ram-256gb-ssd-rtx-3050-4gb-gddr6-shadow-black-i124544165-s1033819363.html?search=1,https://icms-image.slatic.net/images/ims-web/458d4688-ae26-4e6d-8f39-c26194de228a.png
"lenovo v14 / core i3 10th gen 4gb ddr4 ram 256gb nvme ssd +1tb hdd 14"" hd display",lenovo,41600,daraz,https://static-01.daraz.com.np/p/95ad925086c4e98f4806fd070e1b8ef9.png,//www.daraz.com.np/products/lenovo-v14-core-i3-10th-gen-4gb-ddr4-ram-256gb-nvme-ssd-1tb-hdd-14-hd-display-i110807717-s1030029992.html?search=1,https://icms-image.slatic.net/images/ims-web/458d4688-ae26-4e6d-8f39-c26194de228a.png
"lenovo ideapad l3 15itl6 celeron 10th gen / 4gb ram / 256gb ssd / 15.6"" fhd display",lenovo,44000,itti,https://itti.com.np/pub/media/catalog/product/cache/d73a5018306142840707bd616a4ef293/l/e/lenovo-ideapad-3-2020-price-nepal.jpg,https://itti.com.np/lenovo-ideapad-l3-price-nepal,https://itti.com.np/pub/media/logo/stores/1/itti-logo.png
"lenovo ideapad 1 2021 15ada7 ryzen 3 3250u  / 8gb ram / 256gb ssd / 15.6"" fhd display",lenovo,54000,itti,https://itti.com.np/pub/media/catalog/product/cache/d73a5018306142840707bd616a4ef293/i/d/ideapad_3_14_3_1_2_1.jpeg,https://itti.com.np/lenovo-ideapad-1-2021-price-nepal-ryzen-3,https://itti.com.np/pub/media/logo/stores/1/itti-logo.png
"lenovo ideapad slim 1 2022 ryzen 3 / 8gb ram / 256gb ssd / 14"" fhd display",lenovo,59900,itti,https://itti.com.np/pub/media/catalog/product/cache/d73a5018306142840707bd616a4ef293/l/e/lenovo-ideapad-slim-1-2022-price-nepal.jpg,https://itti.com.np/lenovo-ideapad-slim-1-2022-price-nepal,https://itti.com.np/pub/media/logo/stores/1/itti-logo.png
"lenovo ideapad 3 15itl6 2021 i3 11th gen / 8gb ram / 256gb ssd / 15.6"" fhd display",lenovo,63000,itti,https://itti.com.np/pub/media/catalog/product/cache/d73a5018306142840707bd616a4ef293/l/e/lenovo_ideapad_3_15itl6_1.jpg,https://itti.com.np/lenovo-ideapad-3-2021-price-nepal-i3,https://itti.com.np/pub/media/logo/stores/1/itti-logo.png
"lenovo ideapad slim 1 2022 amd ryzen 5 / 8gb ram / 256gb ssd / 14"" fhd display",lenovo,64000,itti,https://itti.com.np/pub/media/catalog/product/cache/d73a5018306142840707bd616a4ef293/l/e/lenovo-ideapad-slim-1-2022-price-nepal_1.jpg,https://itti.com.np/lenovo-ideapad-slim-1-price-nepal-ryzen-5,https://itti.com.np/pub/media/logo/stores/1/itti-logo.png
"lenovo ideapad 3i 2022 15 i3 12th gen / 8gb ram / 512gb / 15.6"" fhd display",lenovo,67000,itti,https://itti.com.np/pub/media/catalog/product/cache/d73a5018306142840707bd616a4ef293/l/e/lenovo-ideapad-3-2022-14aba7-price-nepal-ryzen-7_1_1_1.jpg,https://itti.com.np/lenovo-ideapad-3i-2022-price-nepal,https://itti.com.np/pub/media/logo/stores/1/itti-logo.png
"lenovo ideapad slim 1 2022 ryzen 5 / 8gb ram / 512gb ssd / 14"" fhd display",lenovo,68000,itti,https://itti.com.np/pub/media/lazyloading/blank.png,https://itti.com.np/lenovo-ideapad-slim-1-price-nepal-ryzen-7,https://itti.com.np/pub/media/logo/stores/1/itti-logo.png
"lenovo ideapad l3 15itl6 i5 11th gen / 8gb ram / 512gb ssd / 15.6"" fhd display",lenovo,75000,itti,https://itti.com.np/pub/media/lazyloading/blank.png,https://itti.com.np/lenovo-ideapad-l3-i5-price-nepal,https://itti.com.np/pub/media/logo/stores/1/itti-logo.png
"lenovo ideapad 3 2022 15 ryzen 5 5625 / 16gb ram / 512gb / 15.6"" fhd display",lenovo,85000,itti,https://itti.com.np/pub/media/lazyloading/blank.png,https://itti.com.np/lenovo-ideapad-3-2022-price-nepal,https://itti.com.np/pub/media/logo/stores/1/itti-logo.png
"lenovo legion y540 i5 9th gen / gtx 1650 / 8gb ram / 256gb ssd + 1tb hdd / 15.6"" fhd display",lenovo,92000,itti,https://itti.com.np/pub/media/lazyloading/blank.png,https://itti.com.np/lenovo-legion-y540-price-nepal,https://itti.com.np/pub/media/logo/stores/1/itti-logo.png
"lenovo ideapad 3 2022 14iau7  i5 12th gen / 8gb ram / 512gb / 14"" fhd display",lenovo,93000,itti,https://itti.com.np/pub/media/lazyloading/blank.png,https://itti.com.np/lenovo-ideapad-3-14-2022-price-nepal-i5,https://itti.com.np/pub/media/logo/stores/1/itti-logo.png
"lenovo ideapad 3 2022 15iau7 i5 12th gen / 8gb ram / 512gb / 15.6"" fhd display",lenovo,93000,itti,https://itti.com.np/pub/media/lazyloading/blank.png,https://itti.com.np/lenovo-ideapad-3-15-2022-price-nepal-i5,https://itti.com.np/pub/media/logo/stores/1/itti-logo.png
testd,testd,80,sastodeal,https://www.sastodeal.com/media/catalog/product/placeholder/default/sastodeal_1.jpg,https://www.sastodeal.com/testd-sd-49-1608-test1201d.html,https://s3-us-west-2.amazonaws.com/cbi-image-service-prd/modified/6267e600-c16f-4a47-8be1-c2e511ae0498.png
"lenovo ideapad gaming 3 , i7 , 10th gen / gtx 1650 / 16gb ram / 256gb /1tb hdd / 15.6"" fhd display",lenovo,137000,sastodeal,https://static.sastodeal.com//media/seller/275855/6/1/612fvmub2el._ac_sl1500_.jpg,https://www.sastodeal.com/lenovo-ideapad-gaming-3-i7-10th-gen-gtx-1650-16gb-ram-256gb-1tb-hdd-15-6-fh-tech-147852-258.html,https://s3-us-west-2.amazonaws.com/cbi-image-service-prd/modified/6267e600-c16f-4a47-8be1-c2e511ae0498.png
lenovo legion 5  i7 10th gen / gtx 1650ti / 15.6'' fhd/ 8gb ram / 512gb ssd,lenovo,157000,sastodeal,https://static.sastodeal.com//media/seller/275855/6/1/61k1j60jw9l._ac_sl1000_.jpg,https://www.sastodeal.com/lenovo-legion-5-i7-10th-gen-gtx-1650ti-15-6-fhd-8gb-ram-512gb-ssd-tech-store-85.html,https://s3-us-west-2.amazonaws.com/cbi-image-service-prd/modified/6267e600-c16f-4a47-8be1-c2e511ae0498.png
lenovo legion 5  ryzen 7 5800h / rtx 3050ti / 8gb ram / 512gb ssd / 15.6'' fhd display / 144hz refresh rate,lenovo,173000,sastodeal,https://static.sastodeal.com//media/seller/275855/7/1/71mmrjdlubl._ac_sl1500_.jpg,https://s3-us-west-2.amazonaws.com/cbi-image-service-prd/modified/6267e600-c16f-4a47-8be1-c2e511ae0498.png,https://s3-us-west-2.amazonaws.com/cbi-image-service-prd/modified/6267e600-c16f-4a47-8be1-c2e511ae0498.png
"lenovo v14 intel core i3 10th gen ,14-inch hd (4gb ram/ 1tb hdd)",lenovo,61000,sastodeal,https://static.sastodeal.com//media/seller/275855/7/1/71iyjjmr-nl._sl1500_.jpg,https://www.sastodeal.com/lenovo-v14-intel-core-i3-10th-gen-14-inch-hd-4gb-ram-1tb-hdd-tech-store-789.html,https://s3-us-west-2.amazonaws.com/cbi-image-service-prd/modified/6267e600-c16f-4a47-8be1-c2e511ae0498.png
lenovo v15-igl intel celeron /4g ram/1tb hdd/  15.6” fhd,lenovo,49000,sastodeal,https://static.sastodeal.com//media/seller/275855/5/1/51l19pquttl._sl1000_.jpg,https://www.sastodeal.com/lenovo-v15-igl-intel-celeron-4g-ram-1tb-hdd-15-6-fhd-tech-store-2022.html,https://s3-us-west-2.amazonaws.com/cbi-image-service-prd/modified/6267e600-c16f-4a47-8be1-c2e511ae0498.png
"lenovo v14 / celeron 10th gen / 4gb ram / 1tb ssd / 14"" fhd display",lenovo,50000,sastodeal,https://static.sastodeal.com//media/seller/275855/6/1/61rtt0uuvgl._ac_sl1000_.jpg,https://www.sastodeal.com/lenovo-v14-celeron-10th-gen-4gb-ram-1tb-ssd-14-fhd-display-tech-st-2022.html,https://s3-us-west-2.amazonaws.com/cbi-image-service-prd/modified/6267e600-c16f-4a47-8be1-c2e511ae0498.png
dell xps 13 9315  i7 - 1250u  16gb ram  512gb ssd  intel iris xe  fhd+ touch  delivery stars from 22nd feb,dell,215900,daraz,https://static-01.daraz.com.np/p/d3d542e1cc399d54bd14713ecd7209f4.jpg,//www.daraz.com.np/products/dell-xps-13-9315-i7-1250u-16gb-ram-512gb-ssd-intel-iris-xe-fhd-touch-delivery-stars-from-22nd-feb-i124225619-s1033708136.html?search=1,https://icms-image.slatic.net/images/ims-web/458d4688-ae26-4e6d-8f39-c26194de228a.png
dell xps 13 9320 plus  i7 - 1260p  16gb ram 1tb ssd  intel iris xe  oled 3.5k  touch  delivery starts from 22nd feb,dell,302900,daraz,https://static-01.daraz.com.np/p/909f8af661fea559c46ee88c74cf8f97.jpg,//www.daraz.com.np/products/dell-xps-13-9320-plus-i7-1260p-16gb-ram-1tb-ssd-intel-iris-xe-oled-35k-touch-delivery-starts-from-22nd-feb-i124219907-s1033711008.html?search=1,https://icms-image.slatic.net/images/ims-web/458d4688-ae26-4e6d-8f39-c26194de228a.png
dell vostro 3510 | i5-1135g7 | 8gb | 512gb ssd | nvidia mx350-2gb,dell,107000,daraz,https://static-01.daraz.com.np/p/77e586b7c0342314c7b48d08ead731a4.png,//www.daraz.com.np/products/dell-vostro-3510-i5-1135g7-8gb-512gb-ssd-nvidia-mx350-2gb-i123113394-s1033456200.html?search=1,https://icms-image.slatic.net/images/ims-web/458d4688-ae26-4e6d-8f39-c26194de228a.png
dell vostro i5-1135g7 processor 8gb ram /storage  512gb nvme /intel iris xe/15.6-inch fhd (1920x1080) anti-glare led-backlit display.,dell,95000,daraz,https://static-01.daraz.com.np/p/77e586b7c0342314c7b48d08ead731a4.png,//www.daraz.com.np/products/dell-vostro-i5-1135g7-processor-8gb-ram-storage-512gb-nvme-intel-iris-xe156-inch-fhd-1920x1080-anti-glare-led-backlit-display-i123022728-s1033439116.html?search=1,https://icms-image.slatic.net/images/ims-web/458d4688-ae26-4e6d-8f39-c26194de228a.png
dell vostro 3510 i5-1135g7 processor  8gb / 256gb nvme /intel iris xe/15.6-inch fhd (1920x1080) anti-glare led-backlit display,dell,92000,daraz,https://static-01.daraz.com.np/p/2662346bbe87a11b251a7f79760dd840.png,//www.daraz.com.np/products/dell-vostro-3510-i5-1135g7-processor-8gb-256gb-nvme-intel-iris-xe156-inch-fhd-1920x1080-anti-glare-led-backlit-display-i122973557-s1033415268.html?search=1,https://icms-image.slatic.net/images/ims-web/458d4688-ae26-4e6d-8f39-c26194de228a.png
dell vostro 3510  i3-1115g4 processor 8gb / 256gb nvme/intel uhd/15.6-inch fhd (1920x1080) anti-glare led-backlit display,dell,70000,daraz,https://static-01.daraz.com.np/p/77e586b7c0342314c7b48d08ead731a4.png,//www.daraz.com.np/products/dell-vostro-3510-i3-1115g4-processor-8gb-256gb-nvmeintel-uhd156-inch-fhd-1920x1080-anti-glare-led-backlit-display-i122946912-s1033408852.html?search=1,https://icms-image.slatic.net/images/ims-web/458d4688-ae26-4e6d-8f39-c26194de228a.png
dell inspiron g15 5515  amd ryzen 7 5800h  16gb  512ssd  nvidia rtx 3050ti 4gb gddr6  fhd  win 11,dell,180400,daraz,https://static-01.daraz.com.np/p/07d9e11b28d607746e51c9a70d99bd9c.jpg,//www.daraz.com.np/products/dell-inspiron-g15-5515-amd-ryzen-7-5800h-16gb-512ssd-nvidia-rtx-3050ti-4gb-gddr6-fhd-win-11-i118692443-s1032523355.html?search=1,https://icms-image.slatic.net/images/ims-web/458d4688-ae26-4e6d-8f39-c26194de228a.png
dell inspiron 14 5425  amd ryzen 5 5625u  8gb  512ssd  radeon graphics  fhd  win 11,dell,104400,daraz,https://static-01.daraz.com.np/p/474fe098418dd152e83c0d7446377fb1.jpg,//www.daraz.com.np/products/dell-inspiron-14-5425-amd-ryzen-5-5625u-8gb-512ssd-radeon-graphics-fhd-win-11-i118692186-s1032523334.html?search=1,https://icms-image.slatic.net/images/ims-web/458d4688-ae26-4e6d-8f39-c26194de228a.png
dell inspiron g15 5515  amd ryzen 7 5800h  8gb  512ssd  nvidia rtx 3050 4gb gddr6  fhd  win 11,dell,164255,daraz,https://static-01.daraz.com.np/p/fb95ad15424def99c01ea5457d48f47d.jpg,//www.daraz.com.np/products/dell-inspiron-g15-5515-amd-ryzen-7-5800h-8gb-512ssd-nvidia-rtx-3050-4gb-gddr6-fhd-win-11-i118690520-s1032519514.html?search=1,https://icms-image.slatic.net/images/ims-web/458d4688-ae26-4e6d-8f39-c26194de228a.png
dell inspiron 15 3511 i3 1115g4  8gb  256ssd  intel uhd  fhd  win 11,dell,67415,daraz,https://static-01.daraz.com.np/p/afb2a86394eb3bd17da4a818a3ead40d.jpg,//www.daraz.com.np/products/dell-inspiron-15-3511-i3-1115g4-8gb-256ssd-intel-uhd-fhd-win-11-i118688504-s1032523263.html?search=1,https://icms-image.slatic.net/images/ims-web/458d4688-ae26-4e6d-8f39-c26194de228a.png
dell  inspiron g15 5520  i7 12700h  16gb  512ssd  nvidia rtx 3050ti 4gb gddr6  fhd  win 11,dell,193900,daraz,https://static-01.daraz.com.np/p/be466d81b09df420571f3db3a3d05f14.jpg,//www.daraz.com.np/products/dell-inspiron-g15-5520-i7-12700h-16gb-512ssd-nvidia-rtx-3050ti-4gb-gddr6-fhd-win-11-i118672241-s1032510954.html?search=1,https://icms-image.slatic.net/images/ims-web/458d4688-ae26-4e6d-8f39-c26194de228a.png
dell inspiron g15 5515  amd ryzen 7 5800h  8gb  512ssd  nvidia rtx 3050 4gb gddr6  fhd  win 11,dell,164255,daraz,https://static-01.daraz.com.np/p/fb95ad15424def99c01ea5457d48f47d.jpg,//www.daraz.com.np/products/dell-inspiron-g15-5515-amd-ryzen-7-5800h-8gb-512ssd-nvidia-rtx-3050-4gb-gddr6-fhd-win-11-i118669421-s1032513862.html?search=1,https://icms-image.slatic.net/images/ims-web/458d4688-ae26-4e6d-8f39-c26194de228a.png
dell inspiron g15 5511  i5 11400h  8gb  256ssd  nvidia rtx 3050 4gb gddr6  fhd  win 11,dell,125900,daraz,https://static-01.daraz.com.np/p/ad7afc832c7107108d6801a007aacb9f.jpg,//www.daraz.com.np/products/dell-inspiron-g15-5511-i5-11400h-8gb-256ssd-nvidia-rtx-3050-4gb-gddr6-fhd-win-11-i118669329-s1032510911.html?search=1,https://icms-image.slatic.net/images/ims-web/458d4688-ae26-4e6d-8f39-c26194de228a.png
dell inspiron g15 5515  amd ryzen 7 5800h  16gb  512ssd  nvidia rtx 3050ti 4gb gddr6  fhd  win 11,dell,180400,daraz,https://static-01.daraz.com.np/p/52b0328d99679a9e69a799d71c86095f.jpg,//www.daraz.com.np/products/dell-inspiron-g15-5515-amd-ryzen-7-5800h-16gb-512ssd-nvidia-rtx-3050ti-4gb-gddr6-fhd-win-11-i118667863-s1032511942.html?search=1,https://icms-image.slatic.net/images/ims-web/458d4688-ae26-4e6d-8f39-c26194de228a.png
dell inspiron 15 3511  i5 1135g7  8gb  512ssd  intel uhd  fhd  win11,dell,95500,daraz,https://static-01.daraz.com.np/p/5a18ec23070c53de5e5302155d16cdbf.jpg,//www.daraz.com.np/products/dell-inspiron-15-3511-i5-1135g7-8gb-512ssd-intel-uhd-fhd-win11-i118663944-s1032513802.html?search=1,https://icms-image.slatic.net/images/ims-web/458d4688-ae26-4e6d-8f39-c26194de228a.png
dell inspiron 3501 (15.6 inches) fhd  (intel i5-1135g7 / 8gb / 1tb hdd + 128gb ssd / invidia mx350-fpr 2gb gddr5 graphics,dell,94000,daraz,https://static-01.daraz.com.np/p/4bd2d9e01cb142f77662ea947e3be8c7.jpg,//www.daraz.com.np/products/dell-inspiron-3501-156-inches-fhd-intel-i5-1135g7-8gb-1tb-hdd-128gb-ssd-invidia-mx350-fpr-2gb-gddr5-graphics-i118596488-s1032490001.html?search=1,https://icms-image.slatic.net/images/ims-web/458d4688-ae26-4e6d-8f39-c26194de228a.png
dell inspiron 15 5515 | amd ryzen 5-5500u | 8gb ram+ 256gb ssd | 15.6″ full hd | amd radeon graphics |,dell,87349,daraz,https://static-01.daraz.com.np/p/09581208b5be32d413245b4574c1a0b4.png,//www.daraz.com.np/products/dell-inspiron-15-5515-amd-ryzen-5-5500u-8gb-ram-256gb-ssd-156-full-hd-amd-radeon-graphics-i118050927-s1032372359.html?search=1,https://icms-image.slatic.net/images/ims-web/458d4688-ae26-4e6d-8f39-c26194de228a.png
"dell inspiron 5625 amd ryzen™ 7-5825u   ram 8gb + 512gb ssd  display 16""",dell,115799,daraz,https://static-01.daraz.com.np/p/fea576fe2dfeb9d3e08c4f5ae46f9d4d.png,//www.daraz.com.np/products/dell-inspiron-5625-amd-ryzen-7-5825u-ram-8gb-512gb-ssd-display-16-i116846879-s1031980590.html?search=1,https://icms-image.slatic.net/images/ims-web/458d4688-ae26-4e6d-8f39-c26194de228a.png
"dell inspiron 15 3515 / amd ryzen 3 3250u / 4gb / 1tb hdd / radeon graphics / 15.6"" fhd",dell,60705,daraz,https://static-01.daraz.com.np/p/53892cfc77573a199cd87db79fba2dca.jpg,//www.daraz.com.np/products/dell-inspiron-15-3515-amd-ryzen-3-3250u-4gb-1tb-hdd-radeon-graphics-156-fhd-i116008834-s1031730387.html?search=1,https://icms-image.slatic.net/images/ims-web/458d4688-ae26-4e6d-8f39-c26194de228a.png
"dell lnspiron 15 5510 i5-11320h-8gb(4gb*2)-256gb 15.6""fhd-lntel irisxe-fpr-ws10-silver (backpack)",dell,106000,daraz,https://static-01.daraz.com.np/p/43add924f4fc881b4a2a23a091daadc7.jpg,//www.daraz.com.np/products/dell-lnspiron-15-5510-i5-11320h-8gb4gb2-256gb156fhd-lntel-irisxe-fpr-ws10-silver-backpack-i115734207-s1031652548.html?search=1,https://icms-image.slatic.net/images/ims-web/458d4688-ae26-4e6d-8f39-c26194de228a.png
"dell lnspirion 15 g5 5515  r7-5800h-(8core16thread) 8gb-512gb-rtx 3050 4gb gddr6-15.6""120hz250nits fpr-backlitkb-ws11(backpack) phantom grey",dell,146000,daraz,https://static-01.daraz.com.np/p/ce1885b15ee916161425ace0e988658f.png,//www.daraz.com.np/products/dell-lnspirion-15-g5-5515-r7-5800h-8core16thread8gb-512gb-rtx-3050-4gb-gddr6-156120hz250nitsfpr-backlitkb-ws11backpack-phantom-grey-i115732392-s1031654408.html?search=1,https://icms-image.slatic.net/images/ims-web/458d4688-ae26-4e6d-8f39-c26194de228a.png
"dell lnspirion 15 g5 5515 r5-5600h (6-core12thread) 8gb-256gb-rtx 3050 4gb gddr615.6""120hz250nits fpr-backlitkb-ws11phantom grey",dell,124000,daraz,https://static-01.daraz.com.np/p/62841a7552c2b75b3b3bc674db39b9ce.png,//www.daraz.com.np/products/dell-lnspirion-15-g5-5515-r5-5600h-6-core12thread8gb-256gb-rtx-3050-4gb-gddr6156120hz250nits-fpr-backlitkb-ws11phantom-grey-i115732391-s1031654407.html?search=1,https://icms-image.slatic.net/images/ims-web/458d4688-ae26-4e6d-8f39-c26194de228a.png
"dell inspiron 3515 r7-3700u-8gb-512gb-15.6""fhd-radeon(tm) graphics-win11-black(backpack)",dell,95000,daraz,https://static-01.daraz.com.np/p/84888fdd55bd839626a8c0d4b4ad29ff.jpg,//www.daraz.com.np/products/dell-inspiron-3515-r7-3700u-8gb-512gb-156fhd-radeontm-graphics-win11-blackbackpack-i115731291-s1031620771.html?search=1,https://icms-image.slatic.net/images/ims-web/458d4688-ae26-4e6d-8f39-c26194de228a.png
dell lnspiron 15 3505 r7-3700u-8gb-512gb-amd radeon -fhd-ws10-accent black,dell,90000,daraz,https://static-01.daraz.com.np/p/a3ab88b2d4d415763b8f048b3e0a2773.jpg,//www.daraz.com.np/products/dell-lnspiron-15-3505-r7-3700u-8gb-512gb-amd-radeon-fhd-ws10-accent-black-i115731290-s1031620770.html?search=1,https://icms-image.slatic.net/images/ims-web/458d4688-ae26-4e6d-8f39-c26194de228a.png
dell lnspirion15 3501- i5-1135g7-4gb-1tb-ws10 fhd- nvidia mx350 2gb gddr5 black,dell,85000,daraz,https://static-01.daraz.com.np/p/0f87019fe2a17e7e0233bd5207db2e8d.jpg,//www.daraz.com.np/products/dell-lnspirion15-3501-i5-1135g7-4gb-1tb-ws10-fhd-nvidia-mx350-2gb-gddr5-black-i115726812-s1031623977.html?search=1,https://icms-image.slatic.net/images/ims-web/458d4688-ae26-4e6d-8f39-c26194de228a.png
"dell lnspirion 15  g5- i7-11800h-8gb -512gb-15.6"" 120hz 250nits-rtx 3050 4gb-ws11 (backpack)",dell,148000,daraz,https://static-01.daraz.com.np/p/fa429e73b24b2d1503bde2a0c4b0df44.png,//www.daraz.com.np/products/dell-lnspirion-15-g5-i7-11800h-8gb-512gb-156-120hz-250nits-rtx-3050-4gb-ws11-backpack-i115722709-s1031660153.html?search=1,https://icms-image.slatic.net/images/ims-web/458d4688-ae26-4e6d-8f39-c26194de228a.png
"dell lnspirion 15 g5- i7-11800h-16gb(8x2)-512gb -15.6"" 120hz 250nits-rtx 3050ti- 4gb-ws11 (backpack)",dell,159000,daraz,https://static-01.daraz.com.np/p/fa429e73b24b2d1503bde2a0c4b0df44.png,//www.daraz.com.np/products/dell-lnspirion-15-g5-i7-11800h-16gb8x2-512gb-156-120hz-250nits-rtx-3050ti-4gb-ws11-backpack-i115721736-s1031622713.html?search=1,https://icms-image.slatic.net/images/ims-web/458d4688-ae26-4e6d-8f39-c26194de228a.png
"dell lnspiron 15 5510 i5-11320h-8gb(4gb*2)-512gb 15.6""fhd-lntel irisxe-fpr-ws10-silver (backpack)",dell,112000,daraz,https://static-01.daraz.com.np/p/43add924f4fc881b4a2a23a091daadc7.jpg,//www.daraz.com.np/products/dell-lnspiron-15-5510-i5-11320h-8gb4gb2-512gb156fhd-lntel-irisxe-fpr-ws10-silver-backpack-i115721735-s1031622712.html?search=1,https://icms-image.slatic.net/images/ims-web/458d4688-ae26-4e6d-8f39-c26194de228a.png
"dell lnspirion 15 g5 5515  r7-5800h-(8core16thread) 16gb(8gbx2)-512gb-rtx 3050ti 4gb gddr6 15.6"" 120hz 250nits-fpr-backlitkb-ws11(backpack) phantom grey",dell,157000,daraz,https://static-01.daraz.com.np/p/ce1885b15ee916161425ace0e988658f.png,//www.daraz.com.np/products/dell-lnspirion-15-g5-5515-r7-5800h-8core16thread16gb8gbx2-512gb-rtx-3050ti-4gb-gddr6156-120hz-250nits-fpr-backlitkb-ws11backpack-phantom-grey-i115719875-s1031648414.html?search=1,https://icms-image.slatic.net/images/ims-web/458d4688-ae26-4e6d-8f39-c26194de228a.png
dell lnspiron 15 3505 r7-3700u-8gb-512gb-amd radeon -fhd-ws10-accent soft mint,dell,90000,daraz,https://static-01.daraz.com.np/p/a3ab88b2d4d415763b8f048b3e0a2773.jpg,//www.daraz.com.np/products/dell-lnspiron-15-3505-r7-3700u-8gb-512gb-amd-radeon-fhd-ws10-accent-soft-mint-i115719871-s1031648412.html?search=1,https://icms-image.slatic.net/images/ims-web/458d4688-ae26-4e6d-8f39-c26194de228a.png
"dell inspiron 13 5310 i5-11300h-8gb-512gb 13.3""qhd(2560x1600p)-intel iris xe-fpr-backlitkb ws11h-slv (sleeve)",dell,121000,daraz,https://static-01.daraz.com.np/p/43add924f4fc881b4a2a23a091daadc7.jpg,//www.daraz.com.np/products/dell-inspiron-13-5310-i5-11300h-8gb-512gb133qhd2560x1600p-intel-iris-xe-fpr-backlitkbws11h-slv-sleeve-i115717844-s1031656229.html?search=1,https://icms-image.slatic.net/images/ims-web/458d4688-ae26-4e6d-8f39-c26194de228a.png
dell inspiron 15 3511  i5 1135g7  8gb  5112ssd  nvidia mx 350 2gb gddr5  fhd  office 2019,dell,109900,daraz,https://static-01.daraz.com.np/p/8ac6da5969071680442515b6ee88b5f0.jpg,//www.daraz.com.np/products/dell-inspiron-15-3511-i5-1135g7-8gb-5112ssd-nvidia-mx-350-2gb-gddr5-fhd-office-2019-i113798239-s1030945132.html?search=1,https://icms-image.slatic.net/images/ims-web/458d4688-ae26-4e6d-8f39-c26194de228a.png
"dell inspiron 15 3511 / i5 1135g7 / 8gb / 512gb ssd / nvidia mx 350 2gb gddr5 / 15.6"" fhd",dell,109900,daraz,https://static-01.daraz.com.np/p/846e240977a4be28f0c39bdd41298968.jpg,//www.daraz.com.np/products/dell-inspiron-15-3511-i5-1135g7-8gb-512gb-ssd-nvidia-mx-350-2gb-gddr5-156-fhd-i113790612-s1030951016.html?search=1,https://icms-image.slatic.net/images/ims-web/458d4688-ae26-4e6d-8f39-c26194de228a.png
inspiron 15 3515  amd ryzen 5 3450u  8gb 256ssd  radeon vega 8  fhd  win11  free dell backpack & 1 year insurance,inspiron,78755,daraz,https://static-01.daraz.com.np/p/0676dde4e3615c1fb3c77c9125d46a57.jpg,//www.daraz.com.np/products/inspiron-15-3515-amd-ryzen-5-3450u-8gb-256ssd-radeon-vega-8-fhd-win11-free-dell-backpack-1-year-insurance-i113789460-s1030945124.html?search=1,https://icms-image.slatic.net/images/ims-web/458d4688-ae26-4e6d-8f39-c26194de228a.png
"dell inspiron 15 5515 / amd ryzen 7-5700u / 8gb / 512gb ssd / radeon graphics / 15.6"" fhd",dell,122900,daraz,https://static-01.daraz.com.np/p/e36de05fd767ac380cf9fb85d679c4d4.jpg,//www.daraz.com.np/products/dell-inspiron-15-5515-amd-ryzen-7-5700u-8gb-512gb-ssd-radeon-graphics-156-fhd-i111495851-s1030207071.html?search=1,https://icms-image.slatic.net/images/ims-web/458d4688-ae26-4e6d-8f39-c26194de228a.png
dell vostro 3510 - i3 1115g4  8gb  256gb ssd  ubt black,dell,73625,daraz,https://static-01.daraz.com.np/p/a2c267176a0a14c272283db7baff4170.jpg,//www.daraz.com.np/products/dell-vostro-3510-i3-1115g4-8gb-256gb-ssd-ubt-black-i109790956-s1029732838.html?search=1,https://icms-image.slatic.net/images/ims-web/458d4688-ae26-4e6d-8f39-c26194de228a.png
"dell vostro 3510 / i5-1135g7 / 4gb / 1tb hdd / 15.6"" fhd",dell,86900,daraz,https://static-01.daraz.com.np/p/c8ca102178693608d3f40d19ef7185ce.jpg,//www.daraz.com.np/products/dell-vostro-3510-i5-1135g7-4gb-1tb-hdd-156-fhd-i109486019-s1029612314.html?search=1,https://icms-image.slatic.net/images/ims-web/458d4688-ae26-4e6d-8f39-c26194de228a.png
"dell inspiron 15 3505 / amd ryzen 7 3700u / 8gb / 512gb ssd / radeon vega 10 graphics / 15.6"" fhd",dell,100600,daraz,https://static-01.daraz.com.np/p/95fc96be061ce1f0a39fb5692803ced2.jpg,//www.daraz.com.np/products/dell-inspiron-15-3505-amd-ryzen-7-3700u-8gb-512gb-ssd-radeon-vega-10-graphics-156-fhd-i109481338-s1031742423.html?search=1,https://icms-image.slatic.net/images/ims-web/458d4688-ae26-4e6d-8f39-c26194de228a.png
"dell vostro 3500 / i5-1135g7 / 8gb / 256gb / 2gb nvidia mx330 / 15.6"" fhd",dell,99900,daraz,https://static-01.daraz.com.np/p/c3e685ae385e56b96504a306181d471d.jpg,//www.daraz.com.np/products/dell-vostro-3500-i5-1135g7-8gb-256gb-2gb-nvidia-mx330-156-fhd-i109477675-s1029604911.html?search=1,https://icms-image.slatic.net/images/ims-web/458d4688-ae26-4e6d-8f39-c26194de228a.png
"dell inspiron  3501 / i5-1135g7 / 8gb / 512gb / nvidia geforce mx330 2gb / 15"" fhd",dell,106600,daraz,https://static-01.daraz.com.np/p/747d067e853917d59fb2dda9a62db6e7.jpg,//www.daraz.com.np/products/dell-inspiron-3501-i5-1135g7-8gb-512gb-nvidia-geforce-mx330-2gb-15-fhd-i109477174-s1031742436.html?search=1,https://icms-image.slatic.net/images/ims-web/458d4688-ae26-4e6d-8f39-c26194de228a.png
"dell vostro 3510 i3 11th gen / 4gb ram / 1tb hdd / 15.6"" hd display",dell,60000,itti,https://itti.com.np/pub/media/catalog/product/cache/d73a5018306142840707bd616a4ef293/v/o/vostro_3510_1.jpeg,https://itti.com.np/dell-vostro-3510-i3-price-nepal,https://itti.com.np/pub/media/logo/stores/1/itti-logo.png
"dell inspiron 3511 i3 11th gen / 4gb ram / 128gb ssd / 1tb hdd / 15.6"" fhd display",dell,61000,itti,https://itti.com.np/pub/media/catalog/product/cache/d73a5018306142840707bd616a4ef293/d/e/dell-inspiron-3511-budget-laptop-price-nepal_2.jpg,https://itti.com.np/dell-inspiron-3511-i3-price-nepal,https://itti.com.np/pub/media/logo/stores/1/itti-logo.png
"dell latitude 3410 i3 10th gen / 4gb ram / 1tb hdd / 14"" hd display",dell,62000,itti,https://itti.com.np/pub/media/catalog/product/cache/d73a5018306142840707bd616a4ef293/d/e/dell_3410_1.jpeg,https://itti.com.np/dell-latitude-3410-price-nepal,https://itti.com.np/pub/media/logo/stores/1/itti-logo.png
"dell vostro 3510 i5 11th gen / 4gb ram / 1tb hdd / 15.6"" fhd display",dell,77000,itti,https://itti.com.np/pub/media/catalog/product/cache/d73a5018306142840707bd616a4ef293/v/o/vostro_3510_1_1.jpeg,https://itti.com.np/dell-vostro-3510-i5-price-nepal,https://itti.com.np/pub/media/logo/stores/1/itti-logo.png
"dell inspiron 3511 i5 11th gen / 8gb ram / 512gb ssd / 15.6"" fhd display",dell,80000,itti,https://itti.com.np/pub/media/catalog/product/cache/d73a5018306142840707bd616a4ef293/d/e/dell-inspiron-3511-price-nepal-i5-1135g7-processor.jpg,https://itti.com.np/dell-inspiron-3511-price-nepal,https://itti.com.np/pub/media/logo/stores/1/itti-logo.png
"dell vostro 3510 i5 11th gen / 8gb ram / 256gb hdd / 15.6"" fhd display",dell,82000,itti,https://itti.com.np/pub/media/catalog/product/cache/d73a5018306142840707bd616a4ef293/v/o/vostro_3510_1_1_1.jpeg,https://itti.com.np/dell-vostro-3510-i5-price-nepal-ssd,https://itti.com.np/pub/media/logo/stores/1/itti-logo.png
"dell inspiron 3505 ryzen 7 3700u / 8gb ram / 512gb ssd / vega 8/ 15.6"" fhd display",dell,82000,itti,https://itti.com.np/pub/media/lazyloading/blank.png,https://itti.com.np/dell-inspiron-3505-price-nepal,https://itti.com.np/pub/media/logo/stores/1/itti-logo.png
"dell inspiron 3511 i5 11th gen / nvidia mx350 graphics / 8gb ram / 512gb ssd / 15.6"" fhd display",dell,89000,itti,https://itti.com.np/pub/media/lazyloading/blank.png,https://itti.com.np/dell-inspirion-3511-graphic-price-nepal,https://itti.com.np/pub/media/logo/stores/1/itti-logo.png
"dell vostro 3400 i5 11th gen / 8gb ram / 256gb ssd / nvidia mx330 / 14"" fhd display",dell,91000,itti,https://itti.com.np/pub/media/lazyloading/blank.png,https://itti.com.np/dell-vostro-3400-price-nepal,https://itti.com.np/pub/media/logo/stores/1/itti-logo.png
"dell inspiron 5415 ryzen 5 5500u / 8gb ram / 256gb ssd / vega 8 / 14"" fhd display",dell,95000,itti,https://itti.com.np/pub/media/lazyloading/blank.png,https://itti.com.np/dell-inspiron-5415-price-nepal-ryzen-5,https://itti.com.np/pub/media/logo/stores/1/itti-logo.png
"dell inspiron 5515 ryzen 5 5500u / 8gb ram / 256gb ssd / vega 8 / 15.6"" fhd display",dell,95000,itti,https://itti.com.np/pub/media/lazyloading/blank.png,https://itti.com.np/dell-inspiron-5515-price-nepal,https://itti.com.np/pub/media/logo/stores/1/itti-logo.png
"dell inspiron 14 2022 5425 ryzen 5 5625u / 8gb ram / 512gb ssd / vega 8 / 14"" fhd display",dell,105000,itti,https://itti.com.np/pub/media/lazyloading/blank.png,https://itti.com.np/dell-inspiron-14-2022-price-nepal,https://itti.com.np/pub/media/logo/stores/1/itti-logo.png
"dell lnspiron 15 3511  i7-1165g7-8gb-512gb-15.6""-fhd nvidia mx3502gb gddr5-ws11-silver (backpack)",dell,118000,sastodeal,https://static.sastodeal.com//media/seller/271739/d/e/dell_inspiron_3511_i7_1165g7_-8gb_ram-512gb_ssd-15.jpg,https://www.sastodeal.com/dell-lnspiron-15-3511-i7-1165g7-8gb-512gb-15-6-fhd-nvidia-mx3502gb-gddr5-ws-dtn-3511-i7-1165.html,https://s3-us-west-2.amazonaws.com/cbi-image-service-prd/modified/6267e600-c16f-4a47-8be1-c2e511ae0498.png
dell g5-15 5515 | amd ryzen r7-5800h | 8gb | 512ssd | nvidia rtx 3050 4gb gddr6 | fhd | office 2019,dell,160000,sastodeal,https://static.sastodeal.com//media/seller/271739/d/e/dell-g5-15-5515--amd-ryzen-7-back1_1.jpg,https://www.sastodeal.com/dell-g5-15-5515-amd-ryzen-r7-5800h-8gb-512ssd-nvidia-rtx-3050-4gb-gddr6-fhd-g5-15-5515-1.html,https://s3-us-west-2.amazonaws.com/cbi-image-service-prd/modified/6267e600-c16f-4a47-8be1-c2e511ae0498.png
dell g5-15 5515 | amd ryzen r7-5800h | 16gb | 512ssd | nvidia rtx 3050 4gb gddr6 | fhd | office 2019,dell,169000,sastodeal,https://static.sastodeal.com//media/seller/271739/d/e/dell-g5-15-5515--amd-ryzen-7-back1_1_1.jpg,https://www.sastodeal.com/dell-g5-15-5515-amd-ryzen-r7-5800h-16gb-512ssd-nvidia-rtx-3050-4gb-gddr6-fh-g5-15-5515-1-1.html,https://s3-us-west-2.amazonaws.com/cbi-image-service-prd/modified/6267e600-c16f-4a47-8be1-c2e511ae0498.png
dell g5-15 5511 | i7-11800h | 8gb | 512ssd | nvidia rtx 3050-4gb gddr6 | fhd | office 2019,dell,164000,sastodeal,https://static.sastodeal.com//media/seller/271739/d/e/dell-g5-15-5511-top2_1.jpg,https://www.sastodeal.com/dell-g5-15-5511-i7-11800h-8gb-512ssd-nvidia-rtx-3050-4gb-gddr6-fhd-office-2-dell-g5-15-5511-1.html,https://s3-us-west-2.amazonaws.com/cbi-image-service-prd/modified/6267e600-c16f-4a47-8be1-c2e511ae0498.png
dell inspiron 14 5415 - amd ryzen 7 5700u | 8gb | 512ssd | radeon graphics | win 10,dell,112000,sastodeal,https://static.sastodeal.com//media/seller/271739/5/4/5415_33_1.jpg,https://www.sastodeal.com/dell-inspiron-14-5415-amd-ryzen-7-5700u-8gb-512ssd-radeon-graphics-win-10-dell-5415-amd-ryzen5-1.html,https://s3-us-west-2.amazonaws.com/cbi-image-service-prd/modified/6267e600-c16f-4a47-8be1-c2e511ae0498.png
"lnspiron 15 3000 series 3511 i3-1115g4-4gb-256gb-15.6""fhd lnteluhd-ws11h",lnspiron,64000,sastodeal,https://static.sastodeal.com//media/seller/271739/19287/SD-DLPTS-001/2a.jpg,https://www.sastodeal.com/lnspiron-15-3000-series-3511-i3-1115g4-4gb-256gb-15-6-fhd-lnteluhd-ws11h-sd-dlpts-001.html,https://s3-us-west-2.amazonaws.com/cbi-image-service-prd/modified/6267e600-c16f-4a47-8be1-c2e511ae0498.png
"lnspiron 15 3000 series 3511 i5-1135g7-8gb-512gb-15.6""fhd nvidia mx350 2gb gddr5-ws11",lnspiron,101000,sastodeal,https://static.sastodeal.com//media/seller/271739/19287/SD-DLPTS-011/6a.jpg,https://www.sastodeal.com/lnspiron-15-3000-series-3511-i5-1135g7-8gb-512gb-15-6-fhd-nvidia-mx350-2gb-sd-dlpts-011.html,https://s3-us-west-2.amazonaws.com/cbi-image-service-prd/modified/6267e600-c16f-4a47-8be1-c2e511ae0498.png
"inspiron 13 5000 series 5310 i5-11300h-8gb-512gb 13.3""qhd(2560x1600p)-intel iris xe-fpr-backlitkb ws11h-slv",inspiron,121000,sastodeal,https://static.sastodeal.com//media/seller/271739/19287/SD-DLPTS-013/8a.jpg,https://www.sastodeal.com/inspiron-13-5000-series-5310-i5-11300h-8gb-512gb-13-3-qhd-2560x1600p-intel-sd-dlpts-013.html,https://s3-us-west-2.amazonaws.com/cbi-image-service-prd/modified/6267e600-c16f-4a47-8be1-c2e511ae0498.png
lnspiron14 5000 series-5410-  i5-11320h-8gb-256gb-lntel xe - fhd- fpr- ws10,lnspiron14,107000,sastodeal,https://static.sastodeal.com//media/seller/271739/19287/SD-DLPTS-015/11a.jpg,https://www.sastodeal.com/lnspiron14-5000-series-5410-i5-11320h-8gb-256gb-lntel-xe-fhd-fpr-ws10-sd-dlpts-015.html,https://s3-us-west-2.amazonaws.com/cbi-image-service-prd/modified/6267e600-c16f-4a47-8be1-c2e511ae0498.png
"lnspiron 15 5000 series 5510 i5-11320h-8gb(4gb*2)-256gb 15.6""fhd-lntel irisxe-fpr-ws10",lnspiron,106000,sastodeal,https://static.sastodeal.com//media/seller/271739/19287/SD-DLPTS-020/15a.jpg,https://www.sastodeal.com/lnspiron-15-5000-series-5510-i5-11320h-8gb-4gb-2-256gb-15-6-fhd-lntel-irisx-sd-dlpts-020.html,https://s3-us-west-2.amazonaws.com/cbi-image-service-prd/modified/6267e600-c16f-4a47-8be1-c2e511ae0498.png
"lnspirion 15 3000 ryzen series 3515-r5-3450u-8gb-256gb- amdradeon - 15.6""fhd-ws11h",lnspirion,78000,sastodeal,https://static.sastodeal.com//media/seller/271739/19287/SD-DLPTS-026/19c.jpg,https://www.sastodeal.com/lnspirion-15-3000-ryzen-series-3515-r5-3450u-8gb-256gb-amdradeon-15-6-fhd-w-sd-dlpts-026.html,https://s3-us-west-2.amazonaws.com/cbi-image-service-prd/modified/6267e600-c16f-4a47-8be1-c2e511ae0498.png
"lnspirion 15 gaming series - g5- i7-11800h-16gb(8x2)-512gb -15.6"" 120hz 250nits- rtx 3050ti- 4gb-ws11",lnspirion,172000,sastodeal,https://static.sastodeal.com//media/seller/271739/19287/SD-DLPTS-033/24a.jpg,https://www.sastodeal.com/lnspirion-15-gaming-series-g5-i7-11800h-16gb-8x2-512gb-15-6-120hz-250nits-r-sd-dlpts-033.html,https://s3-us-west-2.amazonaws.com/cbi-image-service-prd/modified/6267e600-c16f-4a47-8be1-c2e511ae0498.png
inspiron 3515 r7-3700u-8gb-512gb-15.6 fhd- radeon(tm) graphics-win11-blk/slv(backpack),inspiron,95000,sastodeal,https://static.sastodeal.com//media/90853425777B75FEC0084305ACA05512 (1).jpg,https://www.sastodeal.com/inspiron-3515-r7-3700u-8gb-512gb-15-6-fhd-radeon-tm-graphics-win11-blk-slv-dt-3515-r7.html,https://s3-us-west-2.amazonaws.com/cbi-image-service-prd/modified/6267e600-c16f-4a47-8be1-c2e511ae0498.png
"dell g5 g5510 / i7 10th gen 8 core / rtx 3050 / 8gb ram / 512gb ssd / 15.6""  fhd display",dell,155000,sastodeal,https://static.sastodeal.com//media/seller/275855/7/1/71finsxtypl._ac_sl1500_.jpg,https://www.sastodeal.com/dell-g5-g5510-i7-10th-gen-8-core-rtx-3050-8gb-ram-512gb-ssd-15-6-fhd-displa-tech-2158-89633.html,https://s3-us-west-2.amazonaws.com/cbi-image-service-prd/modified/6267e600-c16f-4a47-8be1-c2e511ae0498.png
"dell g5  g5511 i5 11th gen / rtx 3050 / 8gb ram / 512gb ssd / 15.6"" fhd display",dell,133000,sastodeal,https://static.sastodeal.com//media/seller/275855/8/1/81bruotws6l._ac_sl1500_.jpg,https://www.sastodeal.com/dell-g5-g5511-i5-11th-gen-rtx-3050-8gb-ram-512gb-ssd-15-6-fhd-display-tech-1489-45.html,https://s3-us-west-2.amazonaws.com/cbi-image-service-prd/modified/6267e600-c16f-4a47-8be1-c2e511ae0498.png
"dell vostro 3510 i7 11th gen / 8gb ram / 512gb hdd / nvidia mx350 / 15.6"" fhd display",dell,115000,sastodeal,https://static.sastodeal.com//media/seller/275855/6/1/61lphybomrs._sl1500_.jpg,https://www.sastodeal.com/dell-vostro-3510-i7-11th-gen-8gb-ram-512gb-hdd-nvidia-mx350-15-6-fhd-displa-tech-456-7879.html,https://s3-us-west-2.amazonaws.com/cbi-image-service-prd/modified/6267e600-c16f-4a47-8be1-c2e511ae0498.png
"dell inspiron 3511 i7 11th gen / 8gb ram / 512gb ssd / nvidia mx350 / 15.6"" fhd display",dell,122000,sastodeal,https://static.sastodeal.com//media/seller/275855/6/1/61rfrpdcp1l._ac_sl1500_.jpg,https://www.sastodeal.com/dell-inspiron-3511-i7-11th-gen-8gb-ram-512gb-ssd-nvidia-mx350-15-6-fhd-disp-tech-store-478.html,https://s3-us-west-2.amazonaws.com/cbi-image-service-prd/modified/6267e600-c16f-4a47-8be1-c2e511ae0498.png
"dell inspiron 3511 i5 11th gen / nvidia mx350 graphics / 8gb ram / 512gb ssd / 15.6"" fhd display",dell,99500,sastodeal,https://static.sastodeal.com//media/seller/275855/8/1/81x8wuiilos._ac_sl1500__2.jpg,https://www.sastodeal.com/dell-inspiron-3511-i5-11th-gen-nvidia-mx350-graphics-8gb-ram-512gb-ssd-15-6-tech-4789-10.html,https://s3-us-west-2.amazonaws.com/cbi-image-service-prd/modified/6267e600-c16f-4a47-8be1-c2e511ae0498.png
"dell g5 15 se gaming laptop ryzen 7 4800h / amd rx 5600m 6144mb / 8gb ram / 512gb ssd / 15.6"" fhd 144hz display",dell,146000,sastodeal,https://static.sastodeal.com//media/seller/275855/6/1/61tcn9rouel._ac_sl1500__1_1.jpg,https://www.sastodeal.com/dell-g5-15-se-gaming-laptop-ryzen-7-4800h-amd-rx-5600m-6144mb-8gb-ram-512gb-tech-12369-789.html,https://s3-us-west-2.amazonaws.com/cbi-image-service-prd/modified/6267e600-c16f-4a47-8be1-c2e511ae0498.png
"dell vostro 3400 i5 11th gen / 8gb ram / 256gb ssd / 14"" fhd display",dell,85000,sastodeal,https://static.sastodeal.com//media/seller/275855/7/1/71o99ts_nnl._ac_sl1500__1.jpg,https://www.sastodeal.com/dell-vostro-3400-i5-11th-gen-8gb-ram-256gb-ssd-14-fhd-display-tech-98-0001.html,https://s3-us-west-2.amazonaws.com/cbi-image-service-prd/modified/6267e600-c16f-4a47-8be1-c2e511ae0498.png
"dell vostro 3510 i5 11th gen / 8gb ram / 256gb hdd / 15.6"" fhd display",dell,85500,sastodeal,https://static.sastodeal.com//media/seller/275855/7/1/715athgc3ol._ac_sl1500_.jpg,https://www.sastodeal.com/dell-vostro-3510-i5-11th-gen-8gb-ram-256gb-hdd-15-6-fhd-display-tech-258-741.html,https://s3-us-west-2.amazonaws.com/cbi-image-service-prd/modified/6267e600-c16f-4a47-8be1-c2e511ae0498.png
dell inspiron 7405 2-in-1 ryzen 5 4500u / 8gb ram / 256gb ssd / 14'' fhd 360-degree touch screen display,dell,95000,sastodeal,https://static.sastodeal.com//media/seller/275855/7/1/71eft10jbxl._ac_sl1500__1.jpg,https://www.sastodeal.com/dell-inspiron-7405-2-in-1-ryzen-5-4500u-8gb-ram-256gb-ssd-14-fhd-360-degree-tech-963-mn.html,https://s3-us-west-2.amazonaws.com/cbi-image-service-prd/modified/6267e600-c16f-4a47-8be1-c2e511ae0498.png
"dell inspiron 5406 2-in-1 i5 11th gen / 8gb ram / 256gb ssd  / 14"" fhd x360 touch display",dell,102000,sastodeal,https://static.sastodeal.com//media/seller/275855/8/1/81lfr4fnrhl._ac_sl1500__1.jpg,https://www.sastodeal.com/dell-inspiron-5406-2-in-1-i5-11th-gen-8gb-ram-256gb-ssd-14-fhd-x360-touch-d-tec-store-7896.html,https://s3-us-west-2.amazonaws.com/cbi-image-service-prd/modified/6267e600-c16f-4a47-8be1-c2e511ae0498.png
"dell inspiron 5415 ryzen 5 5500u / 8gb ram / 256gb ssd / vega 8 / 14"" fhd display",dell,99500,sastodeal,https://static.sastodeal.com//media/seller/275855/6/1/613axb6korl._sl1280__1.jpg,https://www.sastodeal.com/dell-inspiron-5415-ryzen-5-5500u-8gb-ram-256gb-ssd-vega-8-14-fhd-display-tech-96-789.html,https://s3-us-west-2.amazonaws.com/cbi-image-service-prd/modified/6267e600-c16f-4a47-8be1-c2e511ae0498.png
"dell inspiron 5515 ryzen 5 5500u / 8gb ram / 256gb ssd  / 15.6"" fhd display",dell,98500,sastodeal,https://static.sastodeal.com//media/seller/275855/7/1/71ahjhgqv0l._ac_sl1500__1.jpg,https://www.sastodeal.com/dell-inspiron-5515-ryzen-5-5500u-8gb-ram-256gb-ssd-15-6-fhd-display-tech-147-14.html,https://s3-us-west-2.amazonaws.com/cbi-image-service-prd/modified/6267e600-c16f-4a47-8be1-c2e511ae0498.png
"dell inspiron 5402 i5 11th gen / 8gb ram / 512gb ssd /  14"" fhd display",dell,100000,sastodeal,https://static.sastodeal.com//media/seller/275855/7/1/71sqnxclcgl._ac_sl1500_.jpg,https://www.sastodeal.com/dell-inspiron-5402-i5-11th-gen-8gb-ram-512gb-ssd-14-fhd-display-tech-store14.html,https://s3-us-west-2.amazonaws.com/cbi-image-service-prd/modified/6267e600-c16f-4a47-8be1-c2e511ae0498.png
"dell inspiron 15 5502, 15.6 inch fhd, intel i5, 8gb ram, 256gb  ssd",dell,99500,sastodeal,https://static.sastodeal.com//media/seller/275855/7/1/71lqbho_jdl._ac_sl1280_.jpg,https://www.sastodeal.com/dell-inspiron-15-5502-15-6-inch-fhd-intel-i5-8gb-ram-256gb-ssd-tech-963-25.html,https://s3-us-west-2.amazonaws.com/cbi-image-service-prd/modified/6267e600-c16f-4a47-8be1-c2e511ae0498.png
"dell inspiron 15 3585 ,15.6"" fhd  led-backlit , amd ryzen 3 2200u, 8gb ddr4, 256gb",dell,62000,sastodeal,https://static.sastodeal.com//media/seller/275855/7/1/71m_-ab6lal._ac_sl1280_.jpg,https://www.sastodeal.com/dell-inspiron-15-3585-15-6-fhd-led-backlit-amd-ryzen-3-2200u-8gb-ddr4-256gb-tech-1258-20.html,https://s3-us-west-2.amazonaws.com/cbi-image-service-prd/modified/6267e600-c16f-4a47-8be1-c2e511ae0498.png
"dell inspirion 3501 i3 11th gen / 4gb ram / 1tb  ssd / 15.6"" fhd display",dell,61500,sastodeal,https://static.sastodeal.com//media/seller/275855/8/1/81s_9npa5ol._sl1500_.jpg,https://www.sastodeal.com/dell-inspirion-3501-i3-11th-gen-4gb-ram-1tb-ssd-15-6-fhd-display-tech-12-1.html,https://s3-us-west-2.amazonaws.com/cbi-image-service-prd/modified/6267e600-c16f-4a47-8be1-c2e511ae0498.png
"dell inspiron 3511 i3 11th gen / 4gb ram / 1tb hdd / 15.6"" fhd display",dell,62000,sastodeal,https://static.sastodeal.com//media/seller/275855/8/1/81x8wuiilos._ac_sl1500__1.jpg,https://www.sastodeal.com/dell-inspiron-3511-i3-11th-gen-4gb-ram-1tb-hdd-15-6-fhd-display-tech-2323-store.html,https://s3-us-west-2.amazonaws.com/cbi-image-service-prd/modified/6267e600-c16f-4a47-8be1-c2e511ae0498.png
lnspiron 15 3000 ryzen series-3505-r7-3700u-8gb-512gb-amd radeon -fhd- ws10,lnspiron,90000,sastodeal,https://static.sastodeal.com//media/seller/271739/19287/SD-DLPTS-024/18c.jpg,https://www.sastodeal.com/lnspiron-15-3000-ryzen-series-3505-r7-3700u-8gb-512gb-amd-radeon-fhd-ws10-sd-dlpts-024.html,https://s3-us-west-2.amazonaws.com/cbi-image-service-prd/modified/6267e600-c16f-4a47-8be1-c2e511ae0498.png
lnspiron 15 3000 series-3511- i5-1135g7-4gb-1tb- ws10-fhd nvidia mx350 2gb gddr5-ws10,lnspiron,92000,sastodeal,https://static.sastodeal.com//media/seller/271739/19287/SD-DLPTS-010/2e.jpg,https://www.sastodeal.com/lnspiron-15-3000-series-3511-i5-1135g7-4gb-1tb-ws10-fhd-nvidia-mx350-2gb-gd-sd-dlpts-010.html,https://s3-us-west-2.amazonaws.com/cbi-image-service-prd/modified/6267e600-c16f-4a47-8be1-c2e511ae0498.png
dell inspiron 15 3511 | i5 1135g7 | 4gb | 1tb | nvidia mx 350 2gb gddr5 | fhd,dell,92000,sastodeal,https://static.sastodeal.com//media/seller/271739/3/5/3501_3_1__3_1.jpg,https://www.sastodeal.com/dell-inspiron-15-3511-i5-1135g7-4gb-1tb-nvidia-mx-350-2gb-gddr5-fhd-dtn-di-153511-i5.html,https://s3-us-west-2.amazonaws.com/cbi-image-service-prd/modified/6267e600-c16f-4a47-8be1-c2e511ae0498.png
dell lnspirion15 3501- i5-1135g7-4gb-1tb-ws10 fhd- nvidia mx350 2gb gddr5,dell,85000,sastodeal,https://static.sastodeal.com//media/seller/271739/3/5/3501_2_2_1.jpg,https://www.sastodeal.com/dell-lnspirion15-3501-i5-1135g7-4gb-1tb-ws10-fhd-nvidia-mx350-2gb-gddr5-dtn-153501-i5.html,https://s3-us-west-2.amazonaws.com/cbi-image-service-prd/modified/6267e600-c16f-4a47-8be1-c2e511ae0498.png
dell inspiron 15 3511 | i3 1115g4 | 4gb | 256ssd | intel uhd | fhd,dell,64000,sastodeal,https://static.sastodeal.com//media/seller/271739/d/e/dell-3511-laptops-3_1_1.jpg,https://www.sastodeal.com/dell-inspiron-15-3511-i3-1115g4-4gb-256ssd-intel-uhd-fhd-dtn-153511-i3.html,https://s3-us-west-2.amazonaws.com/cbi-image-service-prd/modified/6267e600-c16f-4a47-8be1-c2e511ae0498.png
